brand,model,price,discount,ram_DDR4,ram_DDR5,ram_lpddr4x,bit,windows,ssd(GB),hdd(GB),display,warranty_years,warranty_accidental,processor_amd_quad,processor_amd_octa,processor_amd_hexa,processor_intel
Dell,VOSTRO CORE I3 11TH GEN,37990,35.0,8.0,0.0,0.0,0.0,other,0.0,0.0,15.0,1.0,0,0,0,0,3.0
Hp,14S INTEL CORE I3 11TH GEN,35490,24.0,8.0,0.0,0.0,64.0,11.0,256.0,0.0,14.0,1.0,0,0,0,0,3.0
Lenovo,V15 G2 CORE I3 11TH GEN,33999,43.0,8.0,0.0,0.0,64.0,11.0,512.0,0.0,15.6,1.0,1,0,0,0,3.0
Hp,15S INTEL CORE I3 12TH GEN,45490,19.0,8.0,0.0,0.0,64.0,11.0,512.0,0.0,15.6,1.0,0,0,0,0,3.0
Asus,VIVOBOOK 15,33990,26.0,8.0,0.0,0.0,64.0,11.0,512.0,0.0,15.6,1.0,0,0,0,0,3.0
Asus,TUF GAMING A17 WITH 90WHR BATTERY RYZEN 7 OCTA CORE AMD R7,67990,28.0,8.0,0.0,0.0,64.0,11.0,512.0,0.0,17.3,1.0,0,0,7,0,0.0
Asus,TUF GAMING A17 WITH 90WHR BATTERY RYZEN 5 HEXA CORE AMD R5,52990,26.0,8.0,0.0,0.0,64.0,11.0,512.0,0.0,17.3,1.0,0,0,0,5,0.0
Asus,VIVOBOOK K15 OLED,47990,39.0,8.0,0.0,0.0,64.0,11.0,256.0,1024.0,15.6,1.0,0,0,0,5,0.0
Hp,RYZEN 5 HEXA CORE 5500U,49123,16.0,16.0,0.0,0.0,64.0,11.0,512.0,0.0,15.6,1.0,0,0,0,5,0.0
Hp,15S INTEL CORE I5 12TH GEN,57499,18.0,8.0,0.0,0.0,64.0,11.0,512.0,0.0,15.6,1.0,0,0,0,0,5.0
Hp,PAVILION INTEL CORE I5 12TH GEN,62990,16.0,8.0,0.0,0.0,64.0,11.0,512.0,0.0,15.6,1.0,0,0,0,0,5.0
Hp,RYZEN 3 DUAL CORE 3250U,29990,31.0,8.0,0.0,0.0,64.0,11.0,256.0,0.0,15.0,1.0,0,0,0,0,0.0
Redmibook,PRO CORE I5 11TH GEN,39990,33.0,8.0,0.0,0.0,0.0,11.0,512.0,0.0,15.6,1.0,0,0,0,0,5.0
Lenovo,INTEL CELERON DUAL CORE,27799,31.0,8.0,0.0,0.0,64.0,11.0,256.0,0.0,15.6,2.0,0,0,0,0,
Acer,ASPIRE 3 RYZEN 3 DUAL CORE 3250U,26990,37.0,8.0,0.0,0.0,64.0,11.0,256.0,0.0,15.6,1.0,0,0,0,0,0.0
Asus,VIVOBOOK 15 CORE I3 11TH GEN,35990,36.0,8.0,0.0,0.0,64.0,11.0,512.0,0.0,15.6,1.0,0,0,0,0,3.0
Hp,PAVILION RYZEN 5 HEXA CORE AMD R5,54990,22.0,8.0,0.0,0.0,64.0,10.0,512.0,0.0,15.6,1.0,0,0,0,5,0.0
Infinix,INBOOK X1 NEO SERIES CELERON QUAD CORE,20990,30.0,0.0,0.0,4.0,64.0,11.0,128.0,0.0,14.0,1.0,0,0,0,0,
Hp,14S INTEL CORE I3 11TH GEN,39990,19.0,8.0,0.0,0.0,64.0,11.0,512.0,0.0,14.0,1.0,0,0,0,0,3.0
Asus,VIVOBOOK 14,23990,29.0,4.0,0.0,0.0,64.0,11.0,256.0,0.0,14.0,1.0,0,0,0,0,
Hp,PAVILION RYZEN 5 HEXA CORE 5625U,51990,17.0,8.0,0.0,0.0,64.0,11.0,512.0,0.0,14.0,1.0,0,0,0,5,0.0
Hp,15S INTEL CORE I3 11TH GEN,40950,19.0,8.0,0.0,0.0,64.0,11.0,512.0,0.0,15.6,1.0,0,0,0,0,3.0
Asus,VIVOBOOK K15 OLED,40990,30.0,8.0,0.0,0.0,64.0,11.0,256.0,0.0,15.6,1.0,0,0,0,0,3.0
Lenovo,ATHLON DUAL CORE 3150U,18990,36.0,4.0,0.0,0.0,0.0,other,0.0,1024.0,14.0,1.0,0,0,0,0,0.0
Asus,VIVOBOOK 15 TOUCH CORE I3 11TH GEN,39990,34.0,8.0,0.0,0.0,64.0,11.0,512.0,0.0,15.6,1.0,0,0,0,0,3.0
Asus,VIVOBOOK 14,38990,32.0,8.0,0.0,0.0,32.0,11.0,512.0,0.0,14.0,1.0,0,5,0,0,0.0
Apple,2020 MACBOOK AIR M1,86990,12.0,8.0,0.0,0.0,0.0,other,256.0,0.0,13.3,1.0,0,0,0,0,0.0
Dell,INSPIRON CORE I3 11TH GEN,41990,31.0,8.0,0.0,0.0,0.0,other,0.0,0.0,15.0,1.0,0,0,0,0,3.0
Hp,ATHLON DUAL CORE 3050U,25990,28.0,8.0,0.0,0.0,64.0,11.0,256.0,0.0,14.0,1.0,0,0,0,0,0.0
Hp,INTEL CORE I5 11TH GEN,52990,36.0,8.0,0.0,0.0,64.0,11.0,512.0,0.0,15.6,1.0,0,0,0,0,5.0
Dell,CORE I5 12TH GEN,65990,29.0,16.0,0.0,0.0,0.0,other,0.0,0.0,15.0,1.0,0,0,0,0,5.0
Acer,EXTENSA CORE I5 11TH GEN,40990,29.0,8.0,0.0,0.0,64.0,11.0,512.0,0.0,15.6,1.0,0,0,0,0,5.0
Asus,VIVOBOOK 15 CORE I5 11TH GEN,46990,32.0,8.0,0.0,0.0,64.0,11.0,512.0,0.0,15.6,1.0,0,0,0,0,5.0
Asus,TUF GAMING F17,109990,33.0,0.0,16.0,0.0,64.0,11.0,1024.0,0.0,17.3,1.0,0,0,0,0,7.0
Lenovo,IDEAPAD GAMING CORE I5 11TH GEN,52990,31.0,8.0,0.0,0.0,64.0,11.0,512.0,0.0,15.6,1.0,1,0,0,0,5.0
Asus,ZENBOOK 14 OLED,85990,22.0,0.0,16.0,0.0,0.0,11.0,512.0,0.0,14.0,1.0,0,0,0,0,5.0
Lenovo,INTEL CORE I3 11TH GEN,36900,38.0,8.0,0.0,0.0,64.0,11.0,512.0,0.0,15.6,2.0,0,0,0,0,3.0
Asus,ZENBOOK DUO 14,74990,46.0,0.0,0.0,16.0,64.0,11.0,512.0,0.0,14.0,1.0,0,0,0,0,5.0
Asus,ROG STRIX G15 RYZEN 7 OCTA CORE AMD R7,77990,27.0,8.0,0.0,0.0,64.0,11.0,512.0,0.0,15.6,1.0,0,0,7,0,0.0
Lenovo,IDEAPAD GAMING 3 RYZEN 7 OCTA CORE AMD R7,70990,37.0,16.0,0.0,0.0,64.0,11.0,512.0,0.0,15.6,1.0,1,0,7,0,0.0
Msi,BRAVO 15 RYZEN 5 HEXA CORE AMD R5,49990,31.0,8.0,0.0,0.0,64.0,11.0,512.0,0.0,15.6,1.0,0,0,0,5,0.0
Asus,CORE I7 11TH GEN,54990,32.0,16.0,0.0,0.0,0.0,11.0,512.0,0.0,15.6,1.0,0,0,0,0,7.0
Asus,VIVOBOOK PRO 15 RYZEN 7 OCTA CORE AMD R7,58990,28.0,16.0,0.0,0.0,64.0,11.0,512.0,0.0,15.6,1.0,0,0,7,0,0.0
Hp,RYZEN 3 QUAD CORE 5300U,36990,19.0,8.0,0.0,0.0,64.0,11.0,512.0,0.0,15.6,1.0,0,3,0,0,0.0
Asus,VIVOBOOK S14 OLED,70990,28.0,16.0,0.0,0.0,64.0,11.0,512.0,0.0,14.0,1.0,0,0,0,0,5.0
Hp,RYZEN 5 HEXA CORE 5500U,45123,24.0,8.0,0.0,0.0,64.0,11.0,512.0,0.0,15.6,1.0,0,0,0,5,0.0
Msi,KATANA GF66 CORE I7 11TH GEN,85990,30.0,16.0,0.0,0.0,64.0,10.0,512.0,0.0,15.6,2.0,0,0,0,0,7.0
Hp,14S INTEL CORE I5 12TH GEN,58499,22.0,16.0,0.0,0.0,64.0,11.0,512.0,0.0,14.0,1.0,0,0,0,0,5.0
Asus,VIVOBOOK K15 OLED,64990,24.0,16.0,0.0,0.0,64.0,11.0,256.0,1024.0,15.6,1.0,0,0,0,0,5.0
Hp,PAVILION INTEL CORE I5 12TH GEN,68990,14.0,16.0,0.0,0.0,64.0,11.0,512.0,0.0,14.0,1.0,0,0,0,0,5.0
Hp,G8 RYZEN 3 DUAL CORE AMD RYZEN 3 3250U,28490,29.0,8.0,0.0,0.0,0.0,11.0,512.0,0.0,14.0,1.0,0,0,0,0,0.0
Asus,TUF DASH F15,76990,25.0,0.0,8.0,0.0,0.0,11.0,512.0,0.0,15.6,1.0,0,0,0,0,5.0
Lenovo,IDEAPAD 3 CORE I3 11TH GEN,36490,40.0,8.0,0.0,0.0,64.0,11.0,256.0,0.0,14.0,2.0,0,0,0,0,3.0
Asus,VIVOBOOK 14,53990,23.0,8.0,0.0,0.0,0.0,11.0,512.0,0.0,14.0,1.0,0,0,0,0,5.0
Hp,PAVILION INTEL CORE I5 12TH GEN,69990,16.0,16.0,0.0,0.0,64.0,11.0,512.0,0.0,15.6,1.0,0,0,0,0,5.0
Dell,CORE I5 12TH GEN,54990,31.0,8.0,0.0,0.0,0.0,other,0.0,0.0,15.0,1.0,0,0,0,0,5.0
Asus,VIVOBOOK K15 OLED RYZEN 7 OCTA CORE AMD R7,56990,34.0,16.0,0.0,0.0,64.0,11.0,512.0,0.0,15.6,1.0,0,0,7,0,0.0
Asus,VIVOBOOK K15 OLED RYZEN 7 OCTA CORE AMD R7,56990,34.0,16.0,0.0,0.0,64.0,11.0,512.0,0.0,15.6,1.0,0,0,7,0,0.0
Lenovo,IDEAPAD 3 CORE I3 10TH GEN,33990,42.0,8.0,0.0,0.0,0.0,11.0,256.0,0.0,15.6,1.0,0,0,0,0,3.0
Asus,VIVOBOOK PRO 15 OLED RYZEN 7 OCTA CORE AMD R7,64990,26.0,16.0,0.0,0.0,64.0,11.0,512.0,0.0,15.6,1.0,0,0,7,0,0.0
Asus,TUF DASH F15 CORE I7 12TH GEN,95990,25.0,0.0,16.0,0.0,64.0,11.0,1024.0,0.0,15.6,1.0,0,0,0,0,7.0
Lenovo,INTEL CORE I3 11TH GEN,33990,29.0,8.0,0.0,0.0,64.0,11.0,256.0,0.0,15.6,2.0,0,0,0,0,3.0
Acer,NITRO 5 RYZEN 7 OCTA CORE AMD R7,94990,20.0,16.0,0.0,0.0,64.0,10.0,256.0,1024.0,15.6,1.0,0,0,7,0,0.0
Msi,KATANA GF66 CORE I5 12TH GEN,76990,31.0,16.0,0.0,0.0,64.0,11.0,512.0,0.0,15.6,2.0,0,0,0,0,5.0
Asus,ZENBOOK FLIP 14 OLED,85990,30.0,0.0,16.0,0.0,64.0,11.0,512.0,0.0,14.0,1.0,0,0,0,0,5.0
Hp,PAVILION INTEL CORE I5 12TH GEN,62499,15.0,8.0,0.0,0.0,64.0,11.0,512.0,0.0,14.0,1.0,0,0,0,0,5.0
Apple,MACBOOK AIR M1,112900,23.65,16.0,0.0,0.0,0.0,other,256.0,0.0,13.3,1.0,0,0,0,0,0.0
Hp,PAVILION RYZEN 5 HEXA CORE 5625U,61990,14.0,16.0,0.0,0.0,64.0,11.0,512.0,0.0,14.0,1.0,0,0,0,5,0.0
Asus,TUF GAMING F15,118990,34.0,0.0,16.0,0.0,64.0,11.0,1024.0,0.0,15.6,1.0,0,0,0,0,7.0
Asus,TUF GAMING A17,88990,32.0,16.0,0.0,0.0,64.0,11.0,512.0,0.0,17.3,1.0,0,0,7,0,0.0
Lenovo,IDEAPAD 3 CORE I3 11TH GEN,41490,30.0,8.0,0.0,0.0,64.0,11.0,512.0,0.0,15.6,2.0,0,0,0,0,3.0
Apple,MACBOOK AIR M1,105990,6.0,16.0,0.0,0.0,0.0,other,256.0,0.0,13.3,1.0,0,0,0,0,0.0
Lenovo,INTEL CORE I3 10TH GEN,33990,32.0,8.0,0.0,0.0,64.0,11.0,256.0,0.0,14.0,2.0,0,0,0,0,3.0
Dell,VOSTRO CORE I3 10TH GEN,36990,32.0,8.0,0.0,0.0,64.0,11.0,512.0,0.0,15.6,1.0,0,0,0,0,3.0
Samsung,GALAXY BOOK GO SNAPDRAGON 7C GEN 2,32990,31.0,0.0,0.0,4.0,0.0,11.0,0.0,0.0,15.0,1.0,0,0,0,0,0.0
Asus,VIVOBOOK S14 OLED,70990,28.0,16.0,0.0,0.0,64.0,11.0,512.0,0.0,14.0,1.0,0,0,0,0,5.0
Apple,2020 MACBOOK AIR M1,86990,12.0,8.0,0.0,0.0,0.0,other,256.0,0.0,13.3,1.0,0,0,0,0,0.0
Dell,VOSTRO RYZEN 7 OCTA CORE 5825U,99693,23.65,16.0,0.0,0.0,64.0,11.0,512.0,0.0,16.0,1.0,0,0,7,0,0.0
Asus,CORE I3 10TH GEN,33990,25.0,8.0,0.0,0.0,0.0,11.0,512.0,0.0,14.0,1.0,0,0,0,0,3.0
Apple,2022 MACBOOK AIR M2,112490,6.0,0.0,0.0,0.0,0.0,other,256.0,0.0,13.6,1.0,0,0,0,0,0.0
Asus,VIVOBOOK 15 CORE I5 11TH GEN,48990,30.0,8.0,0.0,0.0,64.0,11.0,512.0,0.0,15.6,1.0,0,0,0,0,5.0
Lenovo,IDEAPAD 3 CORE I5 12TH GEN,58490,23.0,8.0,0.0,0.0,64.0,11.0,512.0,0.0,15.6,2.0,0,0,0,0,5.0
Apple,2021 MACBOOK PRO M1 MAX,309490,6.0,0.0,0.0,0.0,0.0,other,1024.0,0.0,16.2,1.0,0,0,0,0,0.0
Hp,PAVILION INTEL CORE I5 12TH GEN,72990,12.0,16.0,0.0,0.0,64.0,11.0,512.0,0.0,15.6,1.0,0,0,0,0,5.0
Asus,VIVOBOOK ULTRA 14,56990,30.0,16.0,0.0,0.0,64.0,11.0,512.0,0.0,14.0,1.0,0,0,0,0,5.0
Dell,INSPIRON CORE I3 11TH GEN,39990,30.0,8.0,0.0,0.0,0.0,other,0.0,0.0,15.0,1.0,0,0,0,0,0.0
Asus,CHROMEBOOK CELERON DUAL CORE,17990,30.0,4.0,0.0,0.0,0.0,other,0.0,0.0,15.0,1.0,0,0,0,0,
Lenovo,IDEAPAD CORE I5 11TH GEN,54990,34.0,8.0,0.0,0.0,0.0,11.0,512.0,0.0,15.6,1.0,1,0,0,0,5.0
Asus,TUF GAMING F15 CORE I5 10TH GEN,54990,26.0,8.0,0.0,0.0,64.0,11.0,512.0,0.0,15.6,1.0,0,0,0,0,5.0
Asus,ROG STRIX G15,124990,29.0,0.0,16.0,0.0,0.0,11.0,1024.0,0.0,15.6,1.0,0,0,7,0,0.0
Dell,INSPIRON CORE I3 11TH GEN,44890,23.0,8.0,0.0,0.0,64.0,11.0,512.0,0.0,15.6,1.0,0,0,0,0,3.0
Msi,CREATOR M16 CORE I7 12TH GEN,99990,22.0,16.0,0.0,0.0,64.0,11.0,512.0,0.0,16.0,2.0,0,0,0,0,7.0
Asus,ROG STRIX G15 RYZEN 7 OCTA CORE AMD R7,85990,25.0,16.0,0.0,0.0,0.0,11.0,1024.0,0.0,15.6,1.0,0,0,7,0,0.0
Asus,VIVOBOOK K15 OLED,45990,26.0,8.0,0.0,0.0,64.0,11.0,512.0,0.0,15.6,1.0,0,0,0,0,3.0
Acer,EXTENSA CORE I3 11TH GEN,33990,22.0,8.0,0.0,0.0,64.0,11.0,512.0,0.0,15.6,1.0,0,0,0,0,3.0
Infinix,INBOOK X2 PLUS CORE I3 11TH GEN,37990,15.0,0.0,0.0,8.0,64.0,11.0,256.0,0.0,15.6,1.0,0,0,0,0,3.0
Msi,ALPHA 15 AMD ADVANTAGE EDITION RYZEN 7 OCTA CORE 5800H,79990,28.0,8.0,0.0,0.0,64.0,11.0,512.0,0.0,15.6,1.0,0,0,7,0,0.0
Apple,2022 MACBOOK AIR M2,159000,23.65,0.0,0.0,0.0,0.0,other,512.0,0.0,13.6,1.0,0,0,0,0,0.0
Acer,ASPIRE 3 DUAL CORE 3020E,22990,34.0,4.0,0.0,0.0,64.0,11.0,256.0,0.0,14.0,1.0,0,0,0,0,0.0
Dell,CORE I5 12TH GEN,57990,23.0,8.0,0.0,0.0,0.0,other,0.0,0.0,15.0,1.0,0,0,0,0,5.0
Msi,CORE I7 12TH GEN,67990,19.0,16.0,0.0,0.0,0.0,11.0,512.0,0.0,15.6,1.0,0,0,0,0,7.0
Asus,ROG STRIX G15,129990,28.0,0.0,16.0,0.0,0.0,11.0,1024.0,0.0,15.6,1.0,0,0,7,0,0.0
Acer,ASPIRE 7 CORE I5 12TH GEN,61990,34.0,16.0,0.0,0.0,64.0,11.0,512.0,0.0,15.6,1.0,0,0,0,0,5.0
Asus,VIVOBOOK 15,45990,29.0,8.0,0.0,0.0,64.0,11.0,512.0,0.0,15.6,1.0,0,0,0,0,5.0
Asus,ZENBOOK DUO 14,74990,39.0,0.0,0.0,8.0,64.0,11.0,512.0,0.0,14.0,1.0,0,0,0,0,5.0
Apple,2022 MACBOOK PRO M2,149900,23.65,0.0,0.0,0.0,0.0,other,512.0,0.0,13.3,1.0,0,0,0,0,0.0
Asus,TUF GAMING A15 WITH 90WHR BATTERY RYZEN 7 OCTA CORE 5800H,89990,16.0,16.0,0.0,0.0,64.0,11.0,512.0,0.0,15.6,1.0,0,0,7,0,0.0
Hp,PAVILION RYZEN 5 HEXA CORE 5625U,59815,13.0,16.0,0.0,0.0,64.0,11.0,512.0,0.0,14.0,1.0,0,0,0,5,0.0
Asus,VIVOBOOK PRO 15 RYZEN 7 OCTA CORE AMD R7,58990,28.0,16.0,0.0,0.0,64.0,11.0,512.0,0.0,15.6,1.0,0,0,7,0,0.0
Asus,VIVOBOOK FLIP 14 CORE I3 11TH GEN,42990,32.0,0.0,0.0,8.0,64.0,11.0,256.0,0.0,14.0,1.0,0,0,0,0,3.0
Apple,2020 MACBOOK AIR M1,86990,12.0,8.0,0.0,0.0,0.0,other,256.0,0.0,13.3,1.0,0,0,0,0,0.0
Asus,VIVOBOOK 15 OLED,66990,22.0,0.0,0.0,0.0,0.0,other,0.0,0.0,15.0,1.0,0,0,0,0,
Hp,PAVILION RYZEN 5 HEXA CORE AMD R5,64990,20.0,8.0,0.0,0.0,64.0,11.0,512.0,0.0,15.6,1.0,0,0,0,5,0.0
Asus,VIVOBOOK ULTRA 14,39990,32.0,8.0,0.0,0.0,64.0,11.0,512.0,0.0,14.0,1.0,0,0,0,0,3.0
Asus,VIVOBOOK 15 TOUCH CORE I5 11TH GEN,51990,30.0,8.0,0.0,0.0,0.0,11.0,512.0,0.0,15.6,1.0,0,0,0,0,5.0
Asus,VIVOBOOK ULTRA 14,39990,32.0,8.0,0.0,0.0,64.0,11.0,512.0,0.0,14.0,1.0,0,0,0,0,3.0
Asus,VIVOBOOK 15 TOUCH CORE I5 11TH GEN,51990,30.0,8.0,0.0,0.0,0.0,11.0,512.0,0.0,15.6,1.0,0,0,0,0,5.0
Asus,VIVOBOOK PRO 15 OLED RYZEN 7 OCTA CORE AMD R7,64990,26.0,16.0,0.0,0.0,64.0,11.0,512.0,0.0,15.6,1.0,0,0,7,0,0.0
Asus,VIVOBOOK 14,53990,23.0,8.0,0.0,0.0,0.0,11.0,512.0,0.0,14.0,1.0,0,0,0,0,5.0
Dell,VOSTRO CORE I3 10TH GEN,42490,26.0,4.0,0.0,0.0,64.0,11.0,256.0,1024.0,14.0,1.0,0,0,0,0,3.0
Lenovo,IDEAPAD 3 CORE I3 10TH GEN,31990,40.0,4.0,0.0,0.0,0.0,11.0,256.0,0.0,14.0,1.0,0,0,0,0,3.0
Asus,VIVOBOOK 16X RYZEN 5 HEXA CORE R5,54990,26.0,16.0,0.0,0.0,64.0,11.0,512.0,0.0,16.0,1.0,0,0,0,5,0.0
Msi,CORE I5 11TH GEN,56990,32.0,8.0,0.0,0.0,64.0,10.0,512.0,0.0,15.6,2.0,0,0,0,0,5.0
Asus,CORE I3 12TH GEN,38990,29.0,8.0,0.0,0.0,64.0,11.0,256.0,0.0,14.0,1.0,0,0,0,0,3.0
Asus,VIVOBOOK 15,46990,25.0,8.0,0.0,0.0,64.0,11.0,512.0,0.0,15.6,1.0,0,0,0,0,5.0
Lenovo,IDEAPAD CORE I5 11TH GEN,59990,38.0,16.0,0.0,0.0,64.0,11.0,512.0,0.0,15.6,1.0,1,0,0,0,5.0
Dell,VOSTRO RYZEN 3 DUAL CORE R3,33990,32.0,8.0,0.0,0.0,0.0,other,0.0,0.0,15.0,1.0,0,0,0,0,0.0
Hp,PAVILION RYZEN 5 HEXA CORE AMD R5,64990,20.0,8.0,0.0,0.0,64.0,11.0,512.0,0.0,15.6,1.0,0,0,0,5,0.0
Hp,ENVY X360 INTEL EVO CORE I5 12TH GEN,77990,18.0,16.0,0.0,0.0,0.0,11.0,512.0,0.0,15.6,1.0,0,0,0,0,5.0
Msi,CORE I5 11TH GEN,52990,32.0,8.0,0.0,0.0,64.0,10.0,512.0,0.0,15.6,2.0,0,0,0,0,5.0
Hp,VICTUS RYZEN 5 HEXA CORE 5600H,60000,21.0,8.0,0.0,0.0,64.0,11.0,512.0,0.0,15.6,1.0,0,0,0,5,0.0
Hp,VICTUS INTEL CORE I7 12TH GEN,85990,15.0,8.0,0.0,0.0,64.0,11.0,512.0,0.0,15.6,1.0,0,0,0,0,7.0
Lenovo,INTEL CORE I5 10TH GEN,79490,23.0,8.0,0.0,0.0,64.0,11.0,512.0,0.0,15.6,1.0,1,0,0,0,5.0
Hp,PAVILION CORE I7 12TH GEN,84990,17.0,16.0,0.0,0.0,64.0,11.0,1024.0,0.0,14.0,1.0,0,0,0,0,7.0
Apple,MACBOOK AIR M1,125990,5.0,16.0,0.0,0.0,0.0,other,512.0,0.0,13.3,1.0,0,0,0,0,0.0
Asus,TUF GAMING A15 RYZEN 7 OCTA CORE 4800H,79990,21.0,16.0,0.0,0.0,64.0,11.0,512.0,0.0,15.6,1.0,0,0,7,0,0.0
Asus,VIVOBOOK FLIP 14 CORE I3 11TH GEN,46990,30.0,0.0,0.0,8.0,0.0,11.0,512.0,0.0,14.0,1.0,0,0,0,0,3.0
Asus,RYZEN 5 HEXA CORE,54990,24.0,8.0,0.0,0.0,0.0,11.0,512.0,0.0,14.0,1.0,0,0,0,5,0.0
Hp,PAVILION INTEL CORE I7 12TH GEN,85990,15.0,16.0,0.0,0.0,64.0,11.0,1024.0,0.0,15.6,1.0,0,0,0,0,7.0
Dell,INSPIRON CORE I3 10TH GEN,39852,10.0,4.0,0.0,0.0,64.0,10.0,256.0,0.0,15.0,1.0,0,0,0,0,3.0
Asus,VIVOBOOK ULTRA 14,39990,32.0,8.0,0.0,0.0,64.0,11.0,512.0,0.0,14.0,1.0,0,0,0,0,3.0
Apple,MACBOOK AIR M1,110900,23.65,8.0,0.0,0.0,0.0,other,512.0,0.0,13.3,1.0,0,0,0,0,0.0
Asus,VIVOBOOK K15 OLED RYZEN 5 HEXA CORE AMD R5,54990,32.0,16.0,0.0,0.0,64.0,11.0,512.0,0.0,15.6,1.0,0,0,0,5,0.0
Hp,ENVY 13 INTEL EVO CORE I7 12TH GEN,109990,13.0,0.0,0.0,16.0,0.0,11.0,1024.0,0.0,13.3,1.0,0,0,0,0,7.0
Apple,2023 MACBOOK PRO M2 PRO,269900,23.65,0.0,0.0,0.0,0.0,other,1024.0,0.0,16.0,1.0,0,0,0,0,0.0
Asus,ZENBOOK DUO 14,74990,39.0,0.0,0.0,8.0,64.0,11.0,512.0,0.0,14.0,1.0,0,0,0,0,5.0
Asus,VIVOBOOK 15 OLED,50990,23.0,0.0,0.0,0.0,0.0,other,0.0,0.0,15.0,1.0,0,0,0,0,
Infinix,INBOOK X2 PLUS CORE I3 11TH GEN,38990,22.0,0.0,0.0,8.0,64.0,11.0,512.0,0.0,15.6,1.0,0,0,0,0,3.0
Acer,ASPIRE 7 RYZEN 5 HEXA CORE 5500U,56990,36.0,16.0,0.0,0.0,64.0,11.0,512.0,0.0,15.6,1.0,0,0,0,5,0.0
Dell,CORE I5 11TH GEN,65990,12.0,0.0,0.0,0.0,0.0,other,0.0,0.0,15.0,1.0,0,0,0,0,0.0
Apple,2022 MACBOOK PRO M2,129900,23.65,0.0,0.0,0.0,0.0,other,256.0,0.0,13.3,1.0,0,0,0,0,0.0
Hp,VICTUS INTEL CORE I5 12TH GEN,67990,18.0,8.0,0.0,0.0,64.0,11.0,512.0,0.0,15.6,1.0,0,0,0,0,5.0
Apple,2022 MACBOOK PRO M2,168900,23.65,0.0,0.0,0.0,0.0,other,512.0,0.0,13.3,1.0,0,0,0,0,0.0
Infinix,X1 SLIM SERIES CORE I3 10TH GEN,32990,34.0,0.0,0.0,8.0,64.0,11.0,256.0,0.0,14.0,1.0,0,0,0,0,3.0
Hp,ENVY 13 INTEL CORE I5 12TH GEN,79990,12.0,0.0,0.0,8.0,0.0,11.0,512.0,0.0,13.3,1.0,0,0,0,0,5.0
Dell,INSPIRON CORE I5 12TH GEN,80490,23.0,16.0,0.0,0.0,0.0,other,0.0,0.0,15.0,1.0,0,0,0,0,5.0
Dell,CORE I5 12TH GEN,76490,23.0,0.0,16.0,0.0,64.0,11.0,512.0,0.0,13.3,1.0,0,0,0,0,5.0
Dell,RYZEN 3 QUAD CORE 5425U,38990,31.0,8.0,0.0,0.0,0.0,other,0.0,0.0,15.0,1.0,0,0,0,0,0.0
Infinix,INBOOK X2 PLUS CORE I7 11TH GEN,57990,27.0,0.0,0.0,16.0,64.0,11.0,512.0,0.0,15.6,1.0,0,0,0,0,7.0
Dell,INSPIRON RYZEN 7 OCTA CORE 5825U,59990,29.0,8.0,0.0,0.0,0.0,other,0.0,0.0,15.0,1.0,0,0,0,0,0.0
Asus,VIVOBOOK FLIP 14 CORE I5 11TH GEN,61990,25.0,0.0,0.0,8.0,64.0,11.0,512.0,0.0,14.0,1.0,0,0,0,0,5.0
Lenovo,IDEAPAD GAMING 3 CORE I5 11TH GEN,64990,30.0,8.0,0.0,0.0,64.0,11.0,512.0,0.0,15.6,1.0,1,0,0,0,5.0
Asus,EEEBOOK 14 WITH NUMBERPAD PENTIUM SILVER,27990,31.0,8.0,0.0,0.0,64.0,11.0,256.0,0.0,14.0,1.0,0,0,0,0,
Samsung,GALAXY BOOK2 CORE I5 12TH GEN,85990,16.0,0.0,0.0,8.0,64.0,11.0,512.0,0.0,15.6,1.0,0,0,0,0,5.0
Acer,ASPIRE 7 RYZEN 5 HEXA CORE AMD R5,51990,32.0,0.0,0.0,0.0,0.0,other,0.0,0.0,15.0,1.0,0,0,0,0,0.0
Apple,2022 MACBOOK AIR M2,149900,23.65,0.0,0.0,0.0,0.0,other,512.0,0.0,13.6,1.0,0,0,0,0,0.0
Apple,2022 MACBOOK PRO M2,149000,23.65,0.0,0.0,0.0,0.0,other,256.0,0.0,13.3,1.0,0,0,0,0,0.0
Hp,PAVILION GAMING RYZEN 7 OCTA CORE AMD R7,75990,17.0,16.0,0.0,0.0,64.0,11.0,512.0,0.0,15.6,1.0,0,0,7,0,0.0
Hp,RYZEN 7 OCTA CORE 5700U,54990,23.0,16.0,0.0,0.0,64.0,11.0,512.0,0.0,14.0,1.0,0,0,7,0,0.0
Asus,VIVOBOOK PRO 15 OLED CORE I5 12TH GEN,89990,18.0,0.0,16.0,0.0,64.0,11.0,512.0,0.0,15.6,1.0,0,0,0,0,5.0
Hp,INTEL CORE I3 11TH GEN,40490,11.0,8.0,0.0,0.0,64.0,10.0,256.0,0.0,14.0,1.0,0,0,0,0,3.0
Realme,BOOK,46990,14.0,0.0,0.0,0.0,0.0,other,0.0,0.0,15.0,1.0,0,0,0,0,0.0
Hp,VICTUS RYZEN 5 HEXA CORE 5600H,62990,16.0,8.0,0.0,0.0,64.0,11.0,512.0,0.0,15.6,1.0,0,0,0,5,0.0
Dell,INSPIRON CORE I5 11TH GEN,73890,24.0,16.0,0.0,0.0,64.0,11.0,512.0,0.0,15.6,1.0,0,0,0,0,5.0
Dell,CORE I5 12TH GEN,74990,23.0,8.0,0.0,0.0,0.0,other,0.0,0.0,15.0,1.0,0,0,0,0,5.0
Msi,PULSE GL66 CORE I7 11TH GEN,113990,18.0,0.0,0.0,0.0,0.0,other,0.0,0.0,15.0,1.0,0,0,0,0,0.0
Realme,BOOK,59990,14.0,0.0,0.0,0.0,0.0,other,0.0,0.0,15.0,1.0,0,0,0,0,5.0
Dell,VOSTRO RYZEN 3 DUAL CORE R3,33990,32.0,8.0,0.0,0.0,0.0,other,0.0,0.0,15.0,1.0,0,0,0,0,0.0
Asus,VIVOBOOK 14,47990,23.0,8.0,0.0,0.0,0.0,11.0,512.0,0.0,14.0,1.0,0,0,0,0,3.0
Hp,PAVILION CORE I7 12TH GEN,91990,19.0,16.0,0.0,0.0,64.0,11.0,1024.0,0.0,14.0,1.0,0,0,0,0,7.0
Asus,VIVOBOOK 14 CORE I3 11TH GEN,39834,28.0,8.0,0.0,0.0,64.0,11.0,512.0,0.0,14.1,1.0,0,0,0,0,3.0
Asus,ROG ZEPHYRUS G15,157990,16.0,0.0,16.0,0.0,64.0,11.0,1024.0,0.0,15.6,1.0,0,0,7,0,0.0
Asus,TUF GAMING F15 CORE I5 10TH GEN,65990,22.0,8.0,0.0,0.0,64.0,11.0,1024.0,0.0,15.6,1.0,0,0,0,0,5.0
Lenovo,IDEAPAD 1 RYZEN 3 DUAL CORE 3250U,37990,30.0,8.0,0.0,0.0,64.0,11.0,512.0,0.0,15.6,2.0,0,0,0,0,0.0
Lenovo,CELERON DUAL CORE,29880,23.0,8.0,0.0,0.0,64.0,11.0,256.0,0.0,15.6,1.0,0,0,0,0,
Asus,VIVOBOOK 14,53990,23.0,8.0,0.0,0.0,0.0,11.0,512.0,0.0,14.0,1.0,0,0,0,0,5.0
Msi,CROSSHAIR 15 CORE I7 12TH GEN,104990,22.0,16.0,0.0,0.0,64.0,11.0,512.0,0.0,15.6,2.0,0,0,0,0,7.0
Hp,VICTUS RYZEN 7 OCTA CORE 5800H,75990,15.0,8.0,0.0,0.0,64.0,11.0,512.0,0.0,16.1,1.0,0,0,7,0,0.0
Hp,RYZEN 5 HEXA CORE 5500U,46123,24.0,8.0,0.0,0.0,64.0,11.0,512.0,0.0,14.0,1.0,0,0,0,5,0.0
Acer,ASPIRE VERO,49990,23.0,8.0,0.0,0.0,64.0,11.0,512.0,0.0,15.6,1.0,0,0,0,0,5.0
Lenovo,IDEAPAD GAMING 3 RYZEN 5 HEXA CORE AMD R5,58490,23.0,8.0,0.0,0.0,64.0,11.0,512.0,0.0,15.6,1.0,1,0,0,5,0.0
Acer,NITRO 5 RYZEN 5 HEXA CORE 5600H,63990,33.0,16.0,0.0,0.0,0.0,11.0,512.0,0.0,15.6,1.0,0,0,0,5,0.0
Hp,PAVILION PLUS CORE I5 12TH GEN,74990,15.0,16.0,0.0,0.0,0.0,11.0,512.0,0.0,14.0,1.0,0,0,0,0,5.0
Asus,ROG ZEPHYRUS G15,161990,19.0,0.0,16.0,0.0,64.0,11.0,1024.0,0.0,15.6,1.0,0,0,9,0,0.0
Lenovo,IDEAPAD 3 CORE I5 12TH GEN,61490,25.0,16.0,0.0,0.0,64.0,11.0,512.0,0.0,15.6,2.0,0,0,0,0,5.0
Hp,ENVY X360 INTEL EVO CORE I7 12TH GEN,109990,13.0,16.0,0.0,0.0,0.0,11.0,1024.0,0.0,15.6,1.0,0,0,0,0,7.0
Lenovo,IDEAPAD SLIM 5 RYZEN 7 HEXA CORE 5700U,64990,30.0,16.0,0.0,0.0,64.0,11.0,512.0,0.0,15.6,1.0,1,0,0,7,0.0
Asus,CHROMEBOOK FLIP TOUCH CELERON DUAL CORE,15990,50.0,4.0,0.0,0.0,0.0,other,0.0,0.0,15.0,1.0,0,0,0,0,
Dell,CORE I7 12TH GEN,104890,19.0,16.0,0.0,0.0,0.0,other,0.0,0.0,15.0,1.0,0,0,0,0,7.0
Asus,ZENBOOK 14X,159990,22.0,0.0,32.0,0.0,0.0,11.0,1024.0,0.0,14.0,1.0,0,0,0,0,9.0
Asus,TUF GAMING A15 RYZEN 5 HEXA CORE AMD R5,59990,21.0,8.0,0.0,0.0,64.0,11.0,1024.0,0.0,15.6,1.0,0,0,0,5,0.0
Hp,G8 RYZEN 3 DUAL CORE AMD RYZEN 3 3250U 3RD GEN,28790,28.0,8.0,0.0,0.0,0.0,11.0,512.0,0.0,14.0,1.0,0,0,0,0,0.0
Lenovo,IDEAPAD 3 CORE I5 11TH GEN,55490,22.0,8.0,0.0,0.0,64.0,11.0,512.0,0.0,15.6,2.0,0,0,0,0,5.0
Lenovo,IDEAPAD RYZEN 5 HEXA CORE 5500U,50990,25.0,8.0,0.0,0.0,64.0,10.0,512.0,0.0,14.0,2.0,0,0,0,5,0.0
Dell,INSPIRON RYZEN 3 DUAL CORE 3250U,34990,30.0,8.0,0.0,0.0,64.0,11.0,256.0,0.0,15.6,1.0,0,0,0,0,0.0
Msi,GP66 LEOPARD CORE I7 11TH GEN,129990,25.0,16.0,0.0,0.0,64.0,10.0,1024.0,0.0,15.6,2.0,0,0,0,0,7.0
Hp,15S CORE I3 11TH GEN,39490,25.0,8.0,0.0,0.0,64.0,11.0,256.0,0.0,15.6,1.0,0,0,0,0,3.0
Hp,OMEN RYZEN 7 OCTA CORE AMD R7,108290,12.0,0.0,16.0,0.0,64.0,11.0,512.0,0.0,16.1,1.0,0,0,7,0,0.0
Asus,VIVOBOOK PRO 15 OLED CORE I5 12TH GEN,89990,18.0,0.0,16.0,0.0,64.0,11.0,512.0,0.0,15.6,1.0,0,0,0,0,5.0
Hp,CORE I9 12TH GEN,299999,12.0,0.0,32.0,0.0,64.0,11.0,2048.0,0.0,17.3,1.0,0,0,0,0,9.0
Hp,VICTUS RYZEN 5 HEXA CORE 5600H,69990,15.0,8.0,0.0,0.0,64.0,11.0,512.0,0.0,15.6,1.0,0,0,0,5,0.0
Dell,INSPIRON RYZEN 3 QUAD CORE 5425U,43990,22.0,8.0,0.0,0.0,64.0,11.0,512.0,0.0,15.6,1.0,0,3,0,0,0.0
Hp,PAVILION INTEL CORE I3 11TH GEN,55497,12.0,8.0,0.0,0.0,64.0,11.0,512.0,0.0,14.0,1.0,0,0,0,0,3.0
Hp,PAVILION INTEL CORE I5 12TH GEN,77070,10.0,16.0,0.0,0.0,64.0,11.0,512.0,0.0,14.0,1.0,0,0,0,0,5.0
Apple,2021 MACBOOK PRO M1 PRO,245990,5.0,0.0,0.0,0.0,0.0,other,1024.0,0.0,16.2,1.0,0,0,0,0,0.0
Msi,KATANA GF66 CORE I7 12TH GEN,80990,24.0,8.0,0.0,0.0,64.0,11.0,512.0,0.0,15.6,2.0,0,0,0,0,7.0
Dell,CORE I5 11TH GEN,89902,23.65,8.0,0.0,0.0,64.0,11.0,512.0,0.0,15.6,1.0,0,0,0,0,5.0
Apple,2020 MACBOOK AIR M1,117900,23.65,8.0,0.0,0.0,0.0,other,512.0,0.0,13.3,1.0,0,0,0,0,0.0
Hp,PAVILION RYZEN 5 HEXA CORE AMD R5,61990,15.0,8.0,0.0,0.0,64.0,11.0,512.0,0.0,15.6,1.0,0,0,0,5,0.0
Asus,ROG ZEPHYRUS DUO 16,361990,16.0,0.0,32.0,0.0,64.0,11.0,2048.0,0.0,16.0,1.0,0,0,9,0,0.0
Hp,PAVILION RYZEN 5 HEXA CORE 5625U,52490,18.0,8.0,0.0,0.0,64.0,11.0,512.0,0.0,15.6,1.0,0,0,0,5,0.0
Hp,VICTUS RYZEN 7 OCTA CORE 5800H,78990,15.0,8.0,0.0,0.0,64.0,11.0,512.0,0.0,15.6,1.0,0,0,7,0,0.0
Asus,VIVOBOOK FLIP 14 CORE I3 11TH GEN,42990,35.0,0.0,0.0,8.0,64.0,11.0,256.0,0.0,14.0,1.0,0,0,0,0,3.0
Dell,CORE I3 11TH GEN,44890,22.0,8.0,0.0,0.0,0.0,11.0,512.0,0.0,15.6,1.0,0,0,0,0,3.0
Hp,PAVILION X360 CORE I7 12TH GEN,89990,11.0,16.0,0.0,0.0,0.0,11.0,512.0,0.0,14.0,1.0,0,0,0,0,7.0
Asus,ROG FLOW X16,151990,26.0,0.0,16.0,0.0,64.0,11.0,1024.0,0.0,16.0,1.0,0,0,7,0,0.0
Dell,RYZEN 5 HEXA CORE 5600H,70990,30.0,8.0,0.0,0.0,64.0,10.0,512.0,0.0,14.96,1.0,0,0,0,5,0.0
Hp,15S CORE I3 10TH GEN,40800,5.0,8.0,0.0,0.0,64.0,10.0,0.0,1024.0,15.6,1.0,0,0,0,0,3.0
Asus,VIVOBOOK FLIP 14 CORE I3 11TH GEN,46990,30.0,0.0,0.0,8.0,0.0,11.0,512.0,0.0,14.0,1.0,0,0,0,0,3.0
Dell,VOSTRO CORE I5 11TH GEN,56400,30.0,8.0,0.0,0.0,64.0,10.0,512.0,0.0,14.0,1.0,0,0,0,0,5.0
Apple,2023 MACBOOK PRO M2 PRO,199900,23.65,0.0,0.0,0.0,0.0,other,512.0,0.0,14.0,1.0,0,0,0,0,0.0
Msi,CORE I7 12TH GEN,134990,12.0,16.0,0.0,0.0,64.0,11.0,1024.0,0.0,15.6,2.0,0,0,0,0,7.0
Asus,VIVOBOOK 14 CORE I5 10TH GEN,48990,33.0,16.0,0.0,0.0,64.0,11.0,512.0,0.0,14.0,1.0,0,0,0,0,5.0
Asus,TUF GAMING F17,94990,16.0,0.0,16.0,0.0,64.0,11.0,512.0,0.0,17.3,1.0,0,0,0,0,5.0
Dell,VOSTRO CORE I3 10TH GEN,41990,24.0,8.0,0.0,0.0,64.0,11.0,512.0,0.0,15.6,1.0,0,0,0,0,3.0
Hp,PAVILION GAMING RYZEN 5 QUAD CORE 3550H,59990,23.65,8.0,0.0,0.0,64.0,10.0,512.0,0.0,15.6,1.0,0,5,0,0,0.0
Dell,INSPIRON 3000 CORE I3 11TH GEN,43500,24.0,8.0,0.0,0.0,64.0,11.0,512.0,0.0,15.6,1.0,0,0,0,0,3.0
Apple,2022 MACBOOK AIR M2,113490,5.0,0.0,0.0,0.0,0.0,other,256.0,0.0,13.6,1.0,0,0,0,0,0.0
Lenovo,IDEAPAD GAMING 3 RYZEN 5 HEXA CORE 4600H,62490,23.65,8.0,0.0,0.0,64.0,10.0,256.0,1024.0,15.6,1.0,0,0,0,5,0.0
Asus,VIVOBOOK 15 CORE I3 11TH GEN,37990,28.0,8.0,0.0,0.0,64.0,11.0,512.0,0.0,15.6,1.0,0,0,0,0,3.0
Dell,CORE I3 11TH GEN,44990,23.0,8.0,0.0,0.0,0.0,11.0,512.0,0.0,15.6,1.0,0,0,0,0,3.0
Apple,2022 MACBOOK AIR M2,113990,4.0,0.0,0.0,0.0,0.0,other,256.0,0.0,13.6,1.0,0,0,0,0,0.0
Hp,CHROMEBOOK INTEL CORE I5 11TH GEN,56340,26.0,8.0,0.0,0.0,64.0,other,256.0,0.0,14.0,1.0,0,0,0,0,5.0
Dell,VOSTRO RYZEN 3 DUAL CORE R3,33990,32.0,8.0,0.0,0.0,0.0,other,0.0,0.0,15.0,1.0,0,0,0,0,0.0
Dell,INSPIRON CORE I5 11TH GEN,71890,12.0,16.0,0.0,0.0,64.0,10.0,512.0,0.0,15.3,1.0,0,0,0,0,5.0
Dell,CORE I7 11TH GEN,101990,20.0,16.0,0.0,0.0,0.0,other,0.0,0.0,15.0,1.0,0,0,0,0,7.0
Hp,ENVY 13 INTEL EVO CORE I7 12TH GEN,102123,16.0,0.0,0.0,16.0,0.0,11.0,512.0,0.0,13.3,1.0,0,0,0,0,7.0
Hp,CHROMEBOOK X360 INTEL CELERON DUAL CORE,23990,23.0,4.0,0.0,0.0,64.0,other,0.0,0.0,15.0,1.0,0,0,0,0,
Hp,ENVY X360 INTEL EVO CORE I5 12TH GEN,84990,18.0,16.0,0.0,0.0,0.0,11.0,512.0,0.0,15.6,1.0,0,0,0,0,5.0
Hp,PAVILION CORE I5 12TH GEN,72999,13.0,8.0,0.0,0.0,64.0,11.0,512.0,0.0,14.0,1.0,0,0,0,0,5.0
Asus,ROG STRIX G15,174990,31.0,0.0,16.0,0.0,0.0,11.0,1024.0,0.0,15.6,1.0,0,0,9,0,0.0
Dell,CORE I9 12TH GEN,151990,23.0,16.0,0.0,0.0,0.0,other,0.0,0.0,15.0,1.0,0,0,0,0,9.0
Acer,ASPIRE 7 CORE I5 12TH GEN,57990,30.0,8.0,0.0,0.0,64.0,11.0,512.0,0.0,15.6,1.0,0,0,0,0,5.0
Asus,VIVOBOOK 14,45990,26.0,8.0,0.0,0.0,64.0,11.0,512.0,0.0,14.0,1.0,0,0,0,0,3.0
Lenovo,IDEAPAD 1 RYZEN 5 QUAD CORE 3500U,45490,24.0,8.0,0.0,0.0,64.0,11.0,512.0,0.0,15.6,2.0,0,5,0,0,0.0
Msi,DELTA 15 AMD ADVANTAGE EDITION RYZEN 9 OCTA CORE 5900HX 5TH GEN,119990,36.0,16.0,0.0,0.0,64.0,11.0,1024.0,0.0,15.6,1.0,0,0,9,0,0.0
Asus,VIVOBOOK K15 OLED RYZEN 7 OCTA CORE AMD R7,60990,29.0,16.0,0.0,0.0,64.0,11.0,512.0,0.0,15.6,1.0,0,0,7,0,0.0
Apple,MACBOOK AIR M1,132900,23.65,16.0,0.0,0.0,0.0,other,512.0,0.0,13.3,1.0,0,0,0,0,0.0
Msi,CORE I9 12TH GEN,299990,37.0,0.0,32.0,0.0,64.0,11.0,2048.0,0.0,17.3,2.0,0,0,0,0,9.0
Asus,VIVOBOOK 14,47990,23.0,8.0,0.0,0.0,0.0,11.0,512.0,0.0,14.0,1.0,0,0,0,0,3.0
Dell,CORE I5 12TH GEN,87701,23.0,8.0,0.0,0.0,64.0,11.0,512.0,0.0,15.6,1.0,0,0,0,0,5.0
Acer,NITRO 5 RYZEN 5 HEXA CORE 4600H,61490,38.0,0.0,0.0,0.0,0.0,other,0.0,0.0,15.0,1.0,0,0,0,0,0.0
Apple,2022 MACBOOK AIR M2,139000,23.65,0.0,0.0,0.0,0.0,other,512.0,0.0,13.6,1.0,0,0,0,0,0.0
Hp,SPECTRE INTEL EVO CORE I7 12TH GEN,138999,11.0,0.0,0.0,16.0,64.0,11.0,512.0,0.0,16.0,1.0,0,0,0,0,7.0
Asus,ROG ZEPHYRUS G15,211990,16.0,0.0,16.0,0.0,64.0,11.0,1024.0,0.0,15.6,1.0,0,0,9,0,0.0
Dell,CORE I7 12TH GEN,89890,20.0,16.0,0.0,0.0,0.0,11.0,512.0,0.0,13.3,1.0,0,0,0,0,7.0
Hp,255 G8 RYZEN 3 DUAL CORE AMD RYZEN3 3250,34190,23.0,8.0,0.0,0.0,64.0,11.0,512.0,0.0,15.6,1.0,0,0,0,0,0.0
Asus,ROG STRIX G15 RYZEN 9 OCTA CORE AMD R9,99990,27.0,16.0,0.0,0.0,0.0,10.0,512.0,0.0,15.6,1.0,0,0,9,0,0.0
Dell,INSPIRON CORE I5 12TH GEN,64490,22.0,8.0,0.0,0.0,64.0,11.0,512.0,0.0,15.6,1.0,0,0,0,0,5.0
Acer,ASPIRE 3 PENTIUM SILVER,26490,19.0,4.0,0.0,0.0,64.0,11.0,256.0,0.0,14.0,1.0,0,0,0,0,
Dell,G15 CORE I5 12TH GEN,84490,18.0,0.0,8.0,0.0,64.0,11.0,512.0,0.0,15.6,1.0,0,0,0,0,5.0
Asus,TUF GAMING A17 RYZEN 5 HEXA CORE AMD R5,64490,21.0,8.0,0.0,0.0,64.0,10.0,512.0,0.0,17.3,1.0,0,0,0,5,0.0
Acer,ASPIRE 5 CORE I5 11TH GEN,60090,97.0,8.0,0.0,0.0,64.0,10.0,256.0,1024.0,15.6,1.0,0,0,0,0,5.0
Lenovo,IDEAPAD GAMING CORE I7 10TH GEN,70890,30.0,8.0,0.0,0.0,64.0,10.0,512.0,0.0,15.6,1.0,1,0,0,0,7.0
Asus,VIVOBOOK ULTRA 14,40990,30.0,8.0,0.0,0.0,64.0,11.0,512.0,0.0,14.0,1.0,0,0,0,0,3.0
Hp,VICTUS INTEL CORE I7 12TH GEN,85990,15.0,8.0,0.0,0.0,64.0,11.0,512.0,0.0,15.6,1.0,0,0,0,0,7.0
Lenovo,IDEAPAD 3 RYZEN 5 HEXA CORE 5500U,48990,28.0,8.0,0.0,0.0,64.0,11.0,512.0,0.0,15.6,2.0,0,0,0,5,0.0
Lenovo,IDEAPAD 3 CORE I3 11TH GEN,37490,39.0,8.0,0.0,0.0,64.0,11.0,256.0,0.0,15.6,1.0,0,0,0,0,3.0
Asus,ROG ZEPHYRUS DUO 16,391990,16.0,0.0,32.0,0.0,64.0,11.0,2048.0,0.0,16.0,1.0,0,0,9,0,0.0
Hp,15S INTEL CORE I3 11TH GEN,39890,15.0,8.0,0.0,0.0,64.0,11.0,256.0,0.0,15.6,1.0,0,0,0,0,3.0
Infinix,INBOOK X2 PLUS CORE I5 11TH GEN,49990,16.0,0.0,0.0,16.0,64.0,11.0,512.0,0.0,15.6,1.0,0,0,0,0,5.0
Alienware,CORE I7 10TH GEN,214790,79.0,0.0,0.0,0.0,0.0,other,0.0,0.0,15.0,1.0,0,0,0,0,0.0
Asus,ROG STRIX SCAR 15,229990,17.0,0.0,32.0,0.0,64.0,11.0,1024.0,0.0,15.6,1.0,0,0,0,0,9.0
Apple,2022 MACBOOK PRO M2,121990,6.0,0.0,0.0,0.0,0.0,other,256.0,0.0,13.3,1.0,0,0,0,0,0.0
Lenovo,CORE I3 11TH GEN,37890,35.0,8.0,0.0,0.0,0.0,11.0,256.0,1024.0,15.6,1.0,0,0,0,0,3.0
Apple,2021 MACBOOK PRO M1 PRO,225990,5.0,0.0,0.0,0.0,0.0,other,512.0,0.0,16.2,1.0,0,0,0,0,0.0
Asus,ROG STRIX G15 ADVANTAGE EDITION RYZEN 9 OCTA CORE AMD R9,154990,25.0,16.0,0.0,0.0,0.0,10.0,1024.0,0.0,15.6,1.0,0,0,9,0,0.0
Asus,VIVOBOOK 14,66990,19.0,16.0,0.0,0.0,64.0,11.0,512.0,0.0,14.0,1.0,0,0,0,0,5.0
Asus,ROG STRIX G15 WITH 90WHR BATTERY RYZEN 7 OCTA CORE 5800H,146990,16.0,16.0,0.0,0.0,64.0,11.0,1024.0,0.0,15.6,1.0,0,0,7,0,0.0
Hp,CORE I7 12TH GEN,199999,13.0,0.0,32.0,0.0,64.0,11.0,1024.0,0.0,17.3,1.0,0,0,0,0,7.0
Dell,CORE I3 12TH GEN,49490,22.0,8.0,0.0,0.0,64.0,11.0,512.0,0.0,15.6,1.0,0,0,0,0,3.0
Hp,PAVILION X360 CORE I5 12TH GEN,71990,16.0,16.0,0.0,0.0,0.0,11.0,512.0,0.0,14.0,1.0,0,0,0,0,5.0
Asus,ROG FLOW Z13,151990,29.0,0.0,16.0,0.0,64.0,11.0,512.0,0.0,13.4,1.0,0,0,0,0,7.0
Dell,G15 RYZEN 5 HEXA CORE 5600H,74890,30.0,0.0,0.0,0.0,0.0,other,0.0,0.0,15.0,1.0,0,0,0,0,0.0
Asus,VIVOBOOK 15 CORE I3 11TH GEN,39990,29.0,8.0,0.0,0.0,64.0,10.0,512.0,0.0,15.6,1.0,0,0,0,0,3.0
Asus,ZENBOOK FLIP 13 OLED TOUCH PANEL INTEL EVO CORE I7 11TH GEN,104990,22.0,0.0,0.0,16.0,64.0,11.0,512.0,0.0,13.3,1.0,0,0,0,0,7.0
Lenovo,IDEAPAD GAMING 3 CORE I5 11TH GEN,58900,37.0,8.0,0.0,0.0,64.0,10.0,512.0,0.0,15.6,1.0,0,0,0,0,5.0
Lenovo,LENOVO LEGION 5 PRO RYZEN 7 OCTA CORE 5800H,139990,28.0,16.0,0.0,0.0,64.0,11.0,1024.0,0.0,16.0,3.0,1,0,7,0,0.0
Asus,ROG STRIX SCAR 15,281990,21.0,0.0,32.0,0.0,64.0,11.0,1024.0,0.0,15.6,1.0,0,0,0,0,9.0
Msi,CORE I7 12TH GEN,170990,25.0,0.0,16.0,0.0,64.0,11.0,1024.0,0.0,17.3,2.0,0,0,0,0,7.0
Hp,PAVILION GAMING RYZEN 5 QUAD CORE 3550H,54990,42.0,8.0,0.0,0.0,64.0,10.0,0.0,1024.0,15.6,1.0,0,5,0,0,0.0
Acer,NITRO 5 RYZEN 5 HEXA CORE 5600H,91490,29.0,0.0,0.0,0.0,0.0,other,0.0,0.0,15.0,1.0,0,0,0,0,0.0
Gigabyte,AERO 5 KE4 CORE I7 12TH GEN,163953,23.65,16.0,0.0,0.0,64.0,11.0,1024.0,0.0,15.6,2.0,0,0,0,0,7.0
Dell,INSPIRON CORE I5 11TH GEN,49903,45.0,16.0,0.0,0.0,64.0,11.0,512.0,0.0,15.6,1.0,0,0,0,0,5.0
Apple,2021 MACBOOK PRO M1 PRO,183990,5.0,0.0,0.0,0.0,0.0,other,512.0,0.0,14.2,1.0,0,0,0,0,0.0
Realme,BOOK,46990,14.0,0.0,0.0,0.0,0.0,other,0.0,0.0,15.0,1.0,0,0,0,0,0.0
Dell,INSPIRON CORE I5 11TH GEN,61990,25.0,8.0,0.0,0.0,64.0,11.0,512.0,0.0,15.6,1.0,0,0,0,0,5.0
Hp,OMEN RYZEN 5 HEXA CORE AMD R5,77990,11.0,8.0,0.0,0.0,64.0,11.0,512.0,0.0,16.1,1.0,0,0,0,5,0.0
Hp,LAPTOP WITH BACKLIT KEYBOARD CORE I3 11TH GEN,41997,18.0,8.0,0.0,0.0,64.0,11.0,512.0,0.0,15.6,1.0,0,0,0,0,3.0
Apple,2022 MACBOOK AIR M2,159000,23.65,0.0,0.0,0.0,0.0,other,512.0,0.0,13.6,1.0,0,0,0,0,0.0
Dell,INSPIRON RYZEN 3 DUAL CORE 3250U,39990,26.0,8.0,0.0,0.0,64.0,11.0,512.0,0.0,15.6,1.0,0,0,0,0,0.0
Asus,RYZEN 3 DUAL CORE,33990,30.0,8.0,0.0,0.0,0.0,11.0,256.0,0.0,15.6,1.0,0,0,0,0,0.0
Asus,VIVOBOOK ULTRA RYZEN 7 OCTA CORE AMD R7,57990,31.0,8.0,0.0,0.0,64.0,10.0,512.0,0.0,14.0,1.0,0,0,7,0,0.0
Samsung,GALAXY BOOK2 CORE I5 12TH GEN,59990,25.0,0.0,0.0,8.0,64.0,11.0,256.0,0.0,15.6,1.0,0,0,0,0,5.0
Asus,ZENBOOK FLIP 13 OLED TOUCH PANEL INTEL EVO CORE I5 11TH GEN,83990,28.0,0.0,0.0,16.0,64.0,11.0,512.0,0.0,13.3,1.0,0,0,0,0,5.0
Asus,ROG STRIX G15 RYZEN 7 OCTA CORE AMD R7,76990,15.0,8.0,0.0,0.0,64.0,10.0,512.0,0.0,15.6,1.0,0,0,7,0,0.0
Gigabyte,G5 GE,109990,23.65,8.0,0.0,0.0,64.0,11.0,512.0,0.0,15.6,2.0,0,0,0,0,5.0
Hp,RYZEN 9 OCTA CORE 6900HX,154990,13.0,0.0,32.0,0.0,64.0,11.0,1024.0,0.0,16.1,1.0,0,0,9,0,0.0
Hp,PAVILION INTEL CORE I5 12TH GEN,62999,13.0,8.0,0.0,0.0,64.0,11.0,512.0,0.0,14.0,1.0,0,0,0,0,5.0
Dell,INSPIRON CORE I3 11TH GEN,43490,26.0,8.0,0.0,0.0,64.0,11.0,512.0,0.0,15.6,1.0,0,0,0,0,3.0
Acer,ASPIRE 7 CORE I5 12TH GEN,64990,26.0,8.0,0.0,0.0,64.0,11.0,512.0,0.0,15.6,1.0,0,0,0,0,5.0
Hp,CORE I7 12TH GEN,201973,23.65,0.0,16.0,0.0,64.0,11.0,1024.0,0.0,16.1,1.0,0,0,0,0,7.0
Dell,RYZEN 5 HEXA CORE AMD R5,74890,26.0,16.0,0.0,0.0,0.0,other,0.0,0.0,15.0,1.0,0,0,0,0,0.0
Infinix,X1 SLIM SERIES CORE I7 10TH GEN,51990,25.0,0.0,0.0,16.0,64.0,11.0,512.0,0.0,14.0,1.0,0,0,0,0,7.0
Apple,2022 MACBOOK AIR M2,139000,23.65,0.0,0.0,0.0,0.0,other,512.0,0.0,13.6,1.0,0,0,0,0,0.0
Hp,RYZEN 7 OCTA CORE 5700U,60990,17.0,8.0,0.0,0.0,64.0,10.0,512.0,0.0,14.0,1.0,0,0,7,0,0.0
Asus,TUF GAMING F15,100990,30.0,0.0,16.0,0.0,64.0,11.0,512.0,0.0,15.6,1.0,0,0,0,0,7.0
Asus,ROG ZEPHYRUS G15,162990,16.0,0.0,16.0,0.0,64.0,11.0,1024.0,0.0,15.6,1.0,0,0,7,0,0.0
Msi,GP65 LEOPARD CORE I7 10TH GEN,130990,10.0,0.0,0.0,0.0,0.0,other,0.0,0.0,15.0,1.0,0,0,0,0,0.0
Asus,ROG FLOW X13,171990,15.0,0.0,32.0,0.0,0.0,11.0,1024.0,0.0,13.4,1.0,0,0,9,0,0.0
Lenovo,CELERON DUAL CORE,19990,44.0,4.0,0.0,0.0,0.0,other,256.0,256.0,15.6,1.0,0,0,0,0,
Asus,ROG ZEPHYRUS G15,129990,18.0,16.0,0.0,0.0,64.0,10.0,1024.0,0.0,15.6,1.0,0,0,9,0,0.0
Infinix,INBOOK X1 CORE I5 10TH GEN,47999,20.0,0.0,0.0,8.0,64.0,11.0,512.0,0.0,14.0,1.0,0,0,0,0,5.0
Dell,INSPIRON CORE I3 10TH GEN,45890,18.0,8.0,0.0,0.0,64.0,11.0,256.0,1024.0,15.6,1.0,0,0,0,0,3.0
Dell,RYZEN 5 HEXA CORE AMD R5,71990,25.0,0.0,0.0,0.0,0.0,other,0.0,0.0,15.0,1.0,0,0,0,0,0.0
Acer,PREDATOR HELIOS 300 CORE I9 11TH GEN,119990,25.0,16.0,0.0,0.0,64.0,11.0,1024.0,0.0,15.6,1.0,0,0,0,0,9.0
Asus,CORE I3 12TH GEN,42940,25.0,8.0,0.0,0.0,0.0,11.0,512.0,0.0,15.6,1.0,0,0,0,0,3.0
Dell,RYZEN 7 OCTA CORE 6800H,206581,23.65,0.0,16.0,0.0,0.0,11.0,1024.0,0.0,15.6,1.0,0,0,7,0,0.0
Hp,OMEN CORE I7 11TH GEN,99999,28.0,16.0,0.0,0.0,64.0,11.0,1024.0,0.0,16.1,1.0,0,0,0,0,7.0
Lenovo,IDEAPAD FLEX 5 RYZEN 5 HEXA CORE 5500U,61990,26.0,8.0,0.0,0.0,64.0,11.0,512.0,0.0,14.0,1.0,1,0,0,5,0.0
Hp,RYZEN 3 HEXA CORE 4TH GEN,60990,10.0,8.0,0.0,0.0,0.0,10.0,512.0,0.0,15.6,1.0,0,0,0,3,0.0
Dell,INSPIRON RYZEN 5 QUAD CORE 3450U,44990,20.0,8.0,0.0,0.0,64.0,10.0,256.0,0.0,15.6,1.0,0,5,0,0,0.0
Hp,VICTUS CORE I7 12TH GEN,92090,12.0,16.0,0.0,0.0,64.0,11.0,512.0,0.0,15.6,1.0,0,0,0,0,7.0
Infinix,X1 SLIM SERIES CORE I5 10TH GEN,44990,25.0,0.0,0.0,8.0,64.0,11.0,512.0,0.0,14.0,1.0,0,0,0,0,5.0
Dell,INSPIRON RYZEN 3 DUAL CORE 3250U,36680,30.0,8.0,0.0,0.0,64.0,11.0,256.0,0.0,15.6,1.0,0,0,0,0,0.0
Apple,2021 MACBOOK PRO M1 PRO,240990,7.0,0.0,0.0,0.0,0.0,other,1024.0,0.0,16.2,1.0,0,0,0,0,0.0
Samsung,GALAXY BOOK2 CORE I5 12TH GEN,59990,25.0,0.0,0.0,8.0,64.0,11.0,256.0,0.0,15.6,1.0,0,0,0,0,5.0
Lenovo,IDEAPAD GAMING 3 RYZEN 5 HEXA CORE AMD R5,65990,31.0,8.0,0.0,0.0,64.0,11.0,512.0,0.0,15.6,1.0,1,0,0,5,0.0
Msi,ALPHA 15 RYZEN 7 OCTA CORE 5800H,114990,21.0,16.0,0.0,0.0,64.0,10.0,1024.0,0.0,15.6,1.0,0,0,7,0,0.0
Asus,ROG ZEPHYRUS M16,241990,15.0,0.0,32.0,0.0,64.0,11.0,1024.0,0.0,16.0,1.0,0,0,0,0,9.0
Apple,2022 MACBOOK AIR M2,149900,23.65,0.0,0.0,0.0,0.0,other,512.0,0.0,13.6,1.0,0,0,0,0,0.0
Asus,ROG STRIX G15 ADVANTAGE EDITION WITH 90WHR BATTERY RYZEN 9 OCTA CORE 5980HX,139990,29.0,16.0,0.0,0.0,0.0,11.0,1024.0,0.0,15.6,1.0,0,0,9,0,0.0
Asus,VIVOBOOK K15 OLED RYZEN 5 HEXA CORE AMD R5,54990,32.0,16.0,0.0,0.0,64.0,11.0,512.0,0.0,15.6,1.0,0,0,0,5,0.0
Apple,MACBOOK PRO CORE I5 8TH GEN,162990,9.0,0.0,0.0,0.0,0.0,other,512.0,0.0,13.3,1.0,0,0,0,0,5.0
Dell,INSPIRON CORE I5 11TH GEN,71149,12.0,8.0,0.0,0.0,64.0,11.0,512.0,0.0,15.6,1.0,0,0,0,0,5.0
Apple,2021 MACBOOK PRO M1 PRO,239900,23.65,0.0,0.0,0.0,0.0,other,1024.0,0.0,14.2,1.0,0,0,0,0,0.0
Dell,INSPIRON CORE I7 11TH GEN,89890,16.0,16.0,0.0,0.0,64.0,10.0,512.0,0.0,14.0,1.0,0,0,0,0,7.0
Dell,VOSTRO RYZEN 5 HEXA CORE 5625U,66990,21.0,16.0,0.0,0.0,64.0,11.0,512.0,0.0,16.0,1.0,0,0,0,5,0.0
Asus,EEEBOOK 14 PENTIUM QUAD CORE,28990,29.0,8.0,0.0,0.0,64.0,11.0,256.0,0.0,14.1,1.0,0,0,0,0,
Apple,2022 MACBOOK AIR M2,139000,23.65,0.0,0.0,0.0,0.0,other,256.0,0.0,13.6,1.0,0,0,0,0,0.0
Infinix,INBOOK X1 CORE I3 10TH GEN,37999,24.0,0.0,0.0,8.0,64.0,11.0,256.0,0.0,14.0,1.0,0,0,0,0,3.0
Alienware,CORE I7 10TH GEN,269290,8.0,0.0,0.0,0.0,0.0,other,0.0,0.0,15.0,1.0,0,0,0,0,0.0
Msi,SWORD 15 CORE I5 12TH GEN,85990,12.0,16.0,0.0,0.0,64.0,11.0,512.0,0.0,15.6,2.0,0,0,0,0,5.0
Lenovo,YOGA SLIM 7 CORE I7 10TH GEN,87850,33.0,0.0,0.0,8.0,64.0,10.0,512.0,0.0,14.0,1.0,0,0,0,0,7.0
Dell,VOSTRO CORE I3 11TH GEN,42907,73.0,8.0,0.0,0.0,64.0,10.0,256.0,0.0,14.0,1.0,0,0,0,0,3.0
Asus,ROG FLOW Z13,181990,15.0,0.0,16.0,0.0,64.0,11.0,1024.0,0.0,13.4,1.0,0,0,0,0,9.0
Msi,MODERN 14 CORE I3 11TH GEN,48790,12.0,8.0,0.0,0.0,64.0,10.0,512.0,0.0,14.0,1.0,0,0,0,0,3.0
Msi,GP65 LEOPARD CORE I7 10TH GEN,156090,10.0,32.0,0.0,0.0,64.0,10.0,512.0,1024.0,15.6,2.0,0,0,0,0,7.0
Hp,OMEN CORE I7 12TH GEN,155490,23.65,0.0,16.0,0.0,64.0,11.0,1024.0,0.0,16.1,1.0,0,0,0,0,7.0
Asus,ROG ZEPHYRUS M16,304990,22.0,0.0,32.0,0.0,64.0,11.0,2048.0,0.0,16.0,1.0,0,0,0,0,9.0
Acer,NITRO 5 RYZEN 5 HEXA CORE 5600H,68990,31.0,8.0,0.0,0.0,0.0,11.0,512.0,1024.0,15.6,1.0,0,0,0,5,0.0
Asus,CORE I5 11TH GEN,85990,12.0,8.0,0.0,0.0,0.0,11.0,1024.0,0.0,15.6,1.0,0,0,0,0,5.0
Dell,VOSTRO CORE I3 10TH GEN,42590,22.0,8.0,0.0,0.0,64.0,11.0,256.0,1024.0,15.6,1.0,0,0,0,0,3.0
Asus,CORE I5 10TH GEN,42990,25.0,8.0,0.0,0.0,0.0,11.0,512.0,0.0,14.0,1.0,0,0,0,0,5.0
Asus,TUF GAMING F15 CORE I7 11TH GEN,98990,27.0,16.0,0.0,0.0,64.0,10.0,1024.0,0.0,15.6,1.0,0,0,0,0,7.0
Alienware,CORE I9 10TH GEN,345390,88.0,0.0,0.0,0.0,0.0,other,0.0,0.0,15.0,1.0,0,0,0,0,0.0
Hp,VICTUS CORE I7 12TH GEN,95990,13.0,16.0,0.0,0.0,64.0,11.0,512.0,0.0,15.6,1.0,0,0,0,0,7.0
Dell,INSPIRON CORE I5 11TH GEN,78174,13.0,0.0,0.0,8.0,64.0,10.0,1024.0,0.0,13.3,1.0,0,0,0,0,5.0
Apple,2022 MACBOOK PRO M2,149000,23.65,0.0,0.0,0.0,0.0,other,256.0,0.0,13.3,1.0,0,0,0,0,0.0
Apple,2022 MACBOOK AIR M2,139490,6.0,0.0,0.0,0.0,0.0,other,512.0,0.0,13.6,1.0,0,0,0,0,0.0
Hp,CORE I3 11TH GEN,43250,16.0,8.0,0.0,0.0,0.0,11.0,512.0,0.0,15.6,1.0,0,0,0,0,3.0
Msi,CREATOR 15 CORE I7 10TH GEN,214990,3.0,32.0,0.0,0.0,64.0,10.0,1024.0,0.0,15.6,2.0,0,0,0,0,7.0
Asus,VIVOBOOK 15 RYZEN 3 DUAL CORE AMD R3,34990,30.0,8.0,0.0,0.0,0.0,11.0,512.0,0.0,15.6,1.0,0,0,0,0,0.0
Msi,GF65 THIN CORE I5 9TH GEN,74990,25.0,16.0,0.0,0.0,64.0,10.0,512.0,0.0,15.6,2.0,0,0,0,0,5.0
Dell,INSPIRON CORE I3 12TH GEN,78145,23.65,8.0,0.0,0.0,0.0,other,0.0,0.0,15.0,1.0,0,0,0,0,3.0
Asus,ROG STRIX SCAR 17 SE,359990,23.65,0.0,32.0,0.0,64.0,11.0,2048.0,0.0,17.3,1.0,0,0,0,0,9.0
Dell,CORE I3 12TH GEN,73735,23.65,8.0,0.0,0.0,0.0,other,0.0,0.0,15.0,1.0,0,0,0,0,3.0
Dell,INSPIRON RYZEN 7 OCTA CORE 5825U,116363,23.65,16.0,0.0,0.0,64.0,11.0,512.0,0.0,14.0,1.0,0,0,7,0,0.0
Asus,TUF GAMING A15 RYZEN 7 OCTA CORE 4800H,79990,21.0,16.0,0.0,0.0,64.0,11.0,512.0,0.0,15.6,1.0,0,0,7,0,0.0
Apple,2022 MACBOOK AIR M2,137900,23.65,0.0,0.0,0.0,0.0,other,256.0,0.0,13.6,1.0,0,0,0,0,0.0
Msi,STEALTH GS66 CORE I7 12TH GEN,280490,10.0,0.0,32.0,0.0,64.0,11.0,1024.0,0.0,15.6,2.0,0,0,0,0,7.0
Asus,ROG FLOW Z13,116990,35.0,0.0,16.0,0.0,0.0,11.0,512.0,0.0,13.4,1.0,0,0,0,0,5.0
Lenovo,IDEAPAD 3 CORE I3 11TH GEN,39990,35.0,8.0,0.0,0.0,64.0,11.0,256.0,0.0,15.6,2.0,0,0,0,0,3.0
Dell,ALLIENWARE CORE I9 11TH GEN,323990,25.0,32.0,0.0,0.0,64.0,11.0,1024.0,0.0,17.3,1.0,0,0,0,0,9.0
Acer,ASPIRE 5 RYZEN 5 HEXA CORE AMD RYZEN 5,55990,13.0,8.0,0.0,0.0,64.0,10.0,512.0,0.0,15.6,1.0,0,0,0,5,0.0
Dell,INSPIRON CORE I5 11TH GEN,69890,20.0,16.0,0.0,0.0,64.0,10.0,512.0,0.0,14.0,1.0,0,0,0,0,5.0
Asus,ROG ZEPHYRUS G15 RYZEN 9 OCTA CORE AMD R9,189990,22.0,0.0,16.0,0.0,64.0,11.0,1024.0,0.0,15.6,1.0,0,0,9,0,0.0
Asus,ROG FLOW X13,284990,16.0,0.0,32.0,0.0,64.0,11.0,1024.0,0.0,13.4,1.0,0,0,7,0,0.0
Dell,G15 RYZEN 5 HEXA CORE AMD R5,72790,28.0,0.0,0.0,0.0,0.0,other,0.0,0.0,15.0,1.0,0,0,0,0,0.0
Hp,VICTUS RYZEN 7 OCTA CORE 5800H,78990,14.0,8.0,0.0,0.0,64.0,11.0,512.0,0.0,16.1,1.0,0,0,7,0,0.0
Dell,INSPIRON CORE I3 11TH GEN,43146,24.0,8.0,0.0,0.0,64.0,10.0,256.0,0.0,15.6,1.0,0,0,0,0,3.0
Asus,ROG ZEPHYRUS M16 CORE I7 11TH GEN,124990,35.0,16.0,0.0,0.0,0.0,10.0,1024.0,0.0,16.0,1.0,0,0,0,0,7.0
Dell,VOSTRO RYZEN 5 HEXA CORE 5625U,68146,23.65,8.0,0.0,0.0,64.0,11.0,512.0,0.0,14.0,1.0,0,0,0,5,0.0
Lenovo,INTEL CORE I5 10TH GEN,79490,23.0,8.0,0.0,0.0,64.0,11.0,512.0,0.0,15.6,1.0,1,0,0,0,5.0
Asus,ROG ZEPHYRUS DUO 16,224990,24.0,0.0,32.0,0.0,64.0,11.0,2048.0,0.0,16.0,1.0,0,0,7,0,0.0
Asus,ROG ZEPHYRUS DUO 16,224990,25.0,0.0,32.0,0.0,64.0,11.0,2048.0,0.0,16.0,1.0,0,0,7,0,0.0
Dell,CORE I5 11TH GEN,59390,20.0,8.0,0.0,0.0,0.0,11.0,512.0,0.0,15.6,1.0,0,0,0,0,5.0
Asus,TUF GAMING F17,114990,22.0,0.0,16.0,0.0,64.0,11.0,1024.0,0.0,17.3,1.0,0,0,0,0,7.0
Asus,RYZEN 5 DUAL CORE 10TH GEN,54990,26.0,16.0,0.0,0.0,0.0,11.0,512.0,0.0,16.0,1.0,0,0,0,0,0.0
Asus,ROG STRIX G15,76490,15.0,8.0,0.0,0.0,64.0,10.0,512.0,0.0,15.6,1.0,0,0,7,0,0.0
Lenovo,LEGION 5 CORE I7 10TH GEN,85490,1.0,16.0,0.0,0.0,64.0,10.0,512.0,0.0,15.6,1.0,0,0,0,0,7.0
Dell,RYZEN 7 OCTA CORE AMD R7,88490,27.0,0.0,0.0,0.0,0.0,other,0.0,0.0,15.0,1.0,0,0,0,0,0.0
Asus,EXPERTBOOK P2 CORE I5 10TH GEN,83990,23.65,8.0,0.0,0.0,64.0,10.0,0.0,1024.0,14.0,3.0,0,0,0,0,5.0
Asus,ROG FLOW X16,171990,25.0,0.0,16.0,0.0,64.0,11.0,1024.0,0.0,16.0,1.0,0,0,7,0,0.0
Hp,VICTUS RYZEN 7 OCTA CORE 5800H,71990,16.0,8.0,0.0,0.0,64.0,11.0,512.0,0.0,16.1,1.0,0,0,7,0,0.0
Hp,ATHLON DUAL CORE 3050U,25612,19.0,4.0,0.0,0.0,0.0,other,256.0,0.0,15.6,1.0,0,0,0,0,0.0
Asus,VIVOBOOK PRO 14X OLED WITH ASUS DIALPAD RYZEN 9 OCTA CORE 5900HX,94990,36.0,8.0,0.0,0.0,64.0,10.0,1024.0,0.0,14.0,1.0,0,0,9,0,0.0
Hp,RYZEN 5 HEXA CORE 5600H,92990,14.0,16.0,0.0,0.0,0.0,11.0,512.0,0.0,16.1,1.0,0,0,0,5,0.0
Dell,INSPIRON CORE I5 11TH GEN,71900,22.0,16.0,0.0,0.0,64.0,11.0,512.0,0.0,14.0,1.0,0,0,0,0,5.0
Asus,RYZEN 7 DUAL CORE 10TH GEN,96085,32.0,0.0,16.0,0.0,0.0,11.0,512.0,0.0,15.6,1.0,0,0,0,0,0.0
Asus,ZENBOOK CLASSIC CORE I5 10TH GEN,79990,19.0,0.0,0.0,0.0,64.0,10.0,512.0,0.0,13.3,1.0,0,0,0,0,5.0
Dell,RYZEN 7 OCTA CORE AMD R7,101990,21.0,0.0,16.0,0.0,0.0,other,0.0,0.0,15.0,1.0,0,0,0,0,0.0
Asus,TUF GAMING A15 WITH 90WHR BATTERY RYZEN 9 OCTA CORE AMD R9,99990,16.0,16.0,0.0,0.0,64.0,11.0,512.0,0.0,15.6,1.0,0,0,9,0,0.0
Lenovo,IDEAPAD FLEX 5 RYZEN 5 HEXA CORE 5500U,61590,35.0,0.0,0.0,16.0,64.0,11.0,512.0,0.0,14.0,1.0,1,0,0,5,0.0
Hp,RYZEN 5 QUAD CORE,40264,23.65,8.0,0.0,0.0,64.0,10.0,0.0,1024.0,14.0,1.0,0,5,0,0,0.0
Apple,2022 MACBOOK AIR M2,137990,7.0,0.0,0.0,0.0,0.0,other,512.0,0.0,13.6,1.0,0,0,0,0,0.0
Apple,MACBOOK AIR M1,109990,23.65,8.0,0.0,0.0,0.0,other,512.0,0.0,13.3,1.0,0,0,0,0,0.0
Asus,ROG STRIX G15,174990,26.0,16.0,0.0,0.0,64.0,11.0,1024.0,0.0,15.6,1.0,0,0,9,0,0.0
Asus,ROG STRIX SCAR 17 SE,479990,23.65,0.0,32.0,0.0,64.0,11.0,4096.0,0.0,17.3,1.0,0,0,0,0,9.0
Dell,VOSTRO CORE I3 10TH GEN,45060,17.0,8.0,0.0,0.0,64.0,10.0,0.0,1024.0,14.0,1.0,0,0,0,0,3.0
Infinix,X1 SLIM SERIES CORE I5 10TH GEN,44990,25.0,0.0,0.0,8.0,64.0,11.0,512.0,0.0,14.0,1.0,0,0,0,0,5.0
Apple,2023 MACBOOK PRO M2 PRO,249900,23.65,0.0,0.0,0.0,0.0,other,1024.0,0.0,14.0,1.0,0,0,0,0,0.0
Asus,ROG STRIX SCAR 15 CORE I9 12TH GEN,281990,22.0,0.0,32.0,0.0,64.0,11.0,1024.0,0.0,15.6,1.0,0,0,0,0,9.0
Apple,2021 MACBOOK PRO M1 PRO,226990,5.0,0.0,0.0,0.0,0.0,other,1024.0,0.0,14.2,1.0,0,0,0,0,0.0
Asus,CORE I5 11TH GEN,45990,30.0,8.0,0.0,0.0,0.0,10.0,512.0,0.0,15.6,1.0,0,0,0,0,5.0
Asus,ROG STRIX G15,177990,25.0,16.0,0.0,0.0,64.0,11.0,1024.0,0.0,15.6,1.0,0,0,9,0,0.0
Gigabyte,G5 MD CORE I5 11TH GEN,76990,41.0,16.0,0.0,0.0,64.0,11.0,512.0,0.0,15.6,2.0,0,0,0,0,5.0
Apple,2023 MACBOOK PRO M2 PRO,249900,23.65,0.0,0.0,0.0,0.0,other,512.0,0.0,16.0,1.0,0,0,0,0,0.0
Dell,RYZEN 3 DUAL CORE 3250U,38490,28.0,8.0,0.0,0.0,64.0,11.0,512.0,0.0,15.6,1.0,0,0,0,0,0.0
Apple,2022 MACBOOK AIR M2,139000,23.65,0.0,0.0,0.0,0.0,other,256.0,0.0,13.6,1.0,0,0,0,0,0.0
Lenovo,CORE I3 11TH GEN,40699,26.0,8.0,0.0,0.0,0.0,11.0,512.0,0.0,15.6,1.0,0,0,0,0,3.0
Lenovo,IDEAPAD GAMING 3 CORE I5 11TH GEN,58900,36.0,8.0,0.0,0.0,64.0,10.0,512.0,0.0,15.6,1.0,0,0,0,0,5.0
Asus,RYZEN 7 QUAD CORE 10TH GEN,115736,35.0,16.0,0.0,0.0,0.0,11.0,1024.0,0.0,15.6,1.0,0,7,0,0,0.0
Dell,INSPIRON CORE I7 11TH GEN,89890,26.0,16.0,0.0,0.0,64.0,10.0,512.0,0.0,14.0,1.0,0,0,0,0,7.0
Msi,RYZEN 7 OCTA CORE 5700U,52990,32.0,8.0,0.0,0.0,64.0,11.0,512.0,0.0,15.6,1.0,0,0,7,0,0.0
Lenovo,IDEAPAD 3 DUAL CORE 3020E,27990,27.0,4.0,0.0,0.0,64.0,11.0,256.0,0.0,14.0,1.0,0,0,0,0,0.0
Msi,RAIDER GE66 CORE I7 12TH GEN,259990,7.0,0.0,16.0,0.0,64.0,11.0,1024.0,0.0,15.6,2.0,0,0,0,0,7.0
Asus,ROG STRIX G15,137990,29.0,0.0,16.0,0.0,64.0,11.0,1024.0,0.0,15.6,1.0,0,0,7,0,0.0
Hp,CORE I5 11TH GEN,75990,13.0,16.0,0.0,0.0,0.0,11.0,512.0,0.0,16.1,1.0,0,0,0,0,5.0
Acer,ASPIRE VERO,54990,31.0,16.0,0.0,0.0,64.0,11.0,512.0,0.0,15.6,1.0,0,0,0,0,5.0
Avita,SATUS S111 CELERON DUAL CORE,16990,43.0,4.0,0.0,0.0,64.0,11.0,128.0,0.0,14.1,1.0,0,0,0,0,
Asus,RYZEN 7 DUAL CORE 7TH GEN,81990,21.0,16.0,0.0,0.0,0.0,11.0,512.0,512.0,15.6,1.0,0,0,0,0,0.0
Lenovo,IDEAPAD FLEX 5 RYZEN 5 HEXA CORE 5500U,61990,26.0,8.0,0.0,0.0,64.0,11.0,512.0,0.0,14.0,1.0,1,0,0,5,0.0
Lenovo,RYZEN 3 DUAL CORE 3250U,31490,14.0,4.0,0.0,0.0,64.0,10.0,0.0,1024.0,15.6,1.0,0,0,0,0,0.0
Msi,CREATORPRO M16 CORE I7 12TH GEN,109990,24.0,16.0,0.0,0.0,64.0,11.0,1024.0,0.0,16.0,2.0,0,0,0,0,7.0
Lenovo,THINKBOOK CORE I7 11TH GEN,140131,23.65,16.0,0.0,0.0,64.0,10.0,512.0,0.0,15.0,1.0,0,0,0,0,7.0
Hp,VICTUS CORE I5 12TH GEN,77990,16.0,8.0,0.0,0.0,64.0,11.0,512.0,0.0,15.6,1.0,0,0,0,0,5.0
Dell,RYZEN 7 OCTA CORE AMD R7,105990,11.0,0.0,16.0,0.0,64.0,11.0,512.0,0.0,15.6,1.0,0,0,7,0,0.0
Alienware,CORE I7 10TH GEN,199990,10.0,0.0,0.0,0.0,0.0,other,0.0,0.0,15.0,1.0,0,0,0,0,0.0
Dell,VOSTRO CORE I3 11TH GEN,39990,27.0,8.0,0.0,0.0,64.0,10.0,256.0,0.0,14.96,1.0,0,0,0,0,3.0
Asus,ROG STRIX G15,107990,21.0,0.0,16.0,0.0,0.0,11.0,1024.0,0.0,15.6,1.0,0,0,7,0,0.0
Nokia,PUREBOOK X14 CORE I5 10TH GEN,50490,43.0,8.0,0.0,0.0,64.0,10.0,512.0,0.0,14.0,1.0,0,0,0,0,5.0
Dell,CORE I7 12TH GEN,161531,23.65,0.0,16.0,0.0,64.0,11.0,512.0,0.0,15.6,1.0,0,0,0,0,7.0
Msi,CREATOR Z16 CORE I9 11TH GEN,172990,32.0,16.0,0.0,0.0,64.0,10.0,1024.0,0.0,16.0,2.0,0,0,0,0,9.0
Dell,CORE I5 12TH GEN,85990,19.0,0.0,8.0,0.0,64.0,11.0,512.0,0.0,14.0,1.0,0,0,0,0,5.0
Asus,ROG ZEPHYRUS M16,179990,21.0,0.0,16.0,0.0,64.0,11.0,1024.0,0.0,16.0,1.0,0,0,0,0,7.0
Dell,RYZEN 3 QUAD CORE 5425U,42572,23.0,8.0,0.0,0.0,64.0,11.0,512.0,0.0,15.6,1.0,0,3,0,0,0.0
Asus,ZENBOOK PRO 14 DUO OLED,189990,17.0,0.0,16.0,0.0,0.0,11.0,1024.0,0.0,14.5,1.0,0,0,0,0,7.0
Avita,PURA E,29990,37.0,4.0,0.0,0.0,64.0,10.0,256.0,0.0,14.0,2.0,0,0,0,0,3.0
Hp,SPECTRE INTEL CORE I5 11TH GEN,99999,35.0,0.0,0.0,16.0,64.0,10.0,512.0,0.0,13.5,1.0,0,0,0,0,5.0
Asus,ROG CORE I7 7TH GEN,146490,23.65,0.0,0.0,0.0,0.0,other,0.0,0.0,15.0,1.0,0,0,0,0,0.0
Acer,PREDATOR HELIOS 300 CORE I5 7TH GEN,129999,23.65,0.0,0.0,0.0,0.0,other,512.0,0.0,15.0,1.0,0,0,0,0,0.0
Dell,G15 CORE I7 12TH GEN,125990,25.0,0.0,16.0,0.0,64.0,11.0,512.0,0.0,15.6,1.0,0,0,0,0,7.0
Lenovo,LEGION 5 RYZEN 7 OCTA CORE AMD R7,137990,24.0,16.0,0.0,0.0,64.0,10.0,2048.0,0.0,15.6,1.0,0,0,7,0,0.0
Asus,VIVOBOOK 14,45990,26.0,8.0,0.0,0.0,64.0,11.0,512.0,0.0,14.0,1.0,0,0,0,0,3.0
Infinix,INBOOK X1 NEO SERIES CELERON QUAD CORE,29990,25.0,0.0,0.0,8.0,64.0,11.0,256.0,0.0,14.0,1.0,0,0,0,0,
Asus,RYZEN 7 QUAD CORE 10TH GEN,160990,20.0,16.0,0.0,0.0,0.0,11.0,1024.0,1024.0,14.0,1.0,0,7,0,0,0.0
Asus,TUF GAMING F15 CORE I5 10TH GEN,63980,22.0,16.0,0.0,0.0,64.0,11.0,512.0,0.0,15.6,1.0,0,0,0,0,5.0
Msi,STEALTH CORE I7 8TH GEN,184790,2.0,0.0,0.0,0.0,0.0,other,0.0,0.0,15.0,1.0,0,0,0,0,0.0
Acer,NITRO 5 RYZEN 5 HEXA CORE 5600H,68990,31.0,8.0,0.0,0.0,0.0,11.0,512.0,1024.0,15.6,1.0,0,0,0,5,0.0
Gigabyte,G5 GD CORE I5 11TH GEN,73990,17.0,16.0,0.0,0.0,64.0,11.0,512.0,0.0,15.6,2.0,0,0,0,0,5.0
Asus,CORE I5 12TH GEN,95063,17.0,0.0,16.0,0.0,0.0,11.0,512.0,0.0,15.6,1.0,0,0,0,0,5.0
Dell,INSPIRON CORE I5 10TH GEN,67246,21.0,8.0,0.0,0.0,64.0,10.0,512.0,0.0,14.0,1.0,0,0,0,0,5.0
Lenovo,CORE I3 10TH GEN,38990,37.0,8.0,0.0,0.0,64.0,11.0,512.0,0.0,15.6,2.0,0,0,0,0,3.0
Acer,ASPIRE 5 RYZEN 7 OCTA CORE 5700U,59990,25.0,8.0,0.0,0.0,64.0,10.0,512.0,0.0,15.6,1.0,0,0,7,0,0.0
Hp,CORE I5 7TH GEN,60000,47.0,0.0,0.0,0.0,0.0,other,0.0,0.0,15.0,1.0,0,0,0,0,0.0
Lenovo,IDEAPAD GAMING 3 CORE I5 11TH GEN,72990,23.0,8.0,0.0,0.0,0.0,10.0,512.0,0.0,15.6,1.0,0,0,0,0,5.0
Asus,ZENBOOK 17 FOLD OLED INTEL EVO CORE I7 12TH GEN,329990,17.0,0.0,0.0,0.0,0.0,other,0.0,0.0,15.0,1.0,0,0,0,0,7.0
Gigabyte,AERO 5 XE4 CORE I7 12TH GEN,203624,23.65,16.0,0.0,0.0,64.0,11.0,1024.0,0.0,15.6,2.0,0,0,0,0,7.0
Asus,CORE I5 11TH GEN,45990,30.0,8.0,0.0,0.0,0.0,10.0,512.0,0.0,15.6,1.0,0,0,0,0,5.0
Lenovo,CORE I7 12TH GEN,105990,31.0,16.0,0.0,0.0,64.0,11.0,512.0,0.0,16.0,1.0,0,0,0,0,7.0
Hp,15S RYZEN 5 QUAD CORE 3500U,52575,23.65,8.0,0.0,0.0,64.0,10.0,512.0,0.0,15.6,1.0,0,5,0,0,0.0
Lenovo,V15 G2 CORE I5 11TH GEN,49490,39.0,8.0,0.0,0.0,64.0,11.0,512.0,0.0,15.6,1.0,1,0,0,0,5.0
Msi,CORE I5 12TH GEN,57990,20.0,16.0,0.0,0.0,0.0,11.0,512.0,0.0,15.6,1.0,0,0,0,0,5.0
Hp,OMEN CORE I7 12TH GEN,132765,23.65,0.0,16.0,0.0,64.0,11.0,1024.0,0.0,16.1,1.0,0,0,0,0,7.0
Asus,EXPERTBOOK B9 CORE I7 10TH GEN,233990,23.65,0.0,0.0,0.0,64.0,10.0,2048.0,0.0,14.0,3.0,0,0,0,0,7.0
Dell,INSPIRON CORE I5 11TH GEN,69990,21.0,16.0,0.0,0.0,64.0,10.0,512.0,0.0,14.0,1.0,0,0,0,0,5.0
Dell,INSPIRON CORE I3 10TH GEN,44890,28.0,8.0,0.0,0.0,64.0,11.0,512.0,0.0,15.6,1.0,0,0,0,0,3.0
Msi,CORE I3 12TH GEN,44990,23.0,8.0,0.0,0.0,0.0,11.0,512.0,0.0,14.0,1.0,0,0,0,0,3.0
Acer,ASPIRE 5 CORE I5 12TH GEN,57990,22.0,8.0,0.0,0.0,0.0,11.0,512.0,0.0,15.6,1.0,0,0,0,0,5.0
Asus,ROG FLOW Z13,304980,20.0,0.0,16.0,0.0,64.0,11.0,1024.0,0.0,13.4,1.0,0,0,0,0,9.0
Hp,HP ENVY X360 RYZEN 7 OCTA CORE 5800U,98060,15.0,16.0,0.0,0.0,64.0,11.0,1024.0,0.0,13.3,1.0,0,0,7,0,0.0
Acer,PREDATOR TRITON 300 CORE I7 10TH GEN,159990,23.65,16.0,0.0,0.0,64.0,10.0,2048.0,0.0,15.6,1.0,0,0,0,0,7.0
Dell,CORE I7 11TH GEN,102990,19.0,16.0,0.0,0.0,0.0,other,0.0,0.0,15.0,1.0,0,0,0,0,7.0
Hp,PAVILION PLUS CORE I5 12TH GEN,81990,17.0,16.0,0.0,0.0,0.0,11.0,512.0,0.0,14.0,1.0,0,0,0,0,5.0
Asus,VIVOBOOK PRO 15 OLED RYZEN 7 OCTA CORE AMD RYZENâ„¢ 7 5800H 5TH GEN,89990,34.0,16.0,0.0,0.0,64.0,10.0,1024.0,0.0,15.6,1.0,0,0,7,0,0.0
Asus,PROART STUDIOBOOK 16 OLED,219990,9.0,0.0,16.0,0.0,64.0,11.0,1024.0,0.0,16.0,1.0,0,0,0,0,9.0
Dell,G15 CORE I7 12TH GEN,104990,25.0,0.0,16.0,0.0,64.0,11.0,512.0,0.0,15.6,1.0,0,0,0,0,7.0
Infinix,X1 SLIM SERIES CORE I5 10TH GEN,44990,25.0,0.0,0.0,8.0,64.0,11.0,512.0,0.0,14.0,1.0,0,0,0,0,5.0
Asus,ROG ZEPHYRUS G15,157990,16.0,0.0,16.0,0.0,64.0,11.0,1024.0,0.0,15.6,1.0,0,0,7,0,0.0
Acer,ASPIRE 7 CORE I5 12TH GEN,73990,17.0,16.0,0.0,0.0,0.0,11.0,512.0,0.0,15.6,1.0,0,0,0,0,5.0
Lenovo,CORE I3 10TH GEN,37890,33.0,8.0,0.0,0.0,0.0,10.0,256.0,0.0,14.0,2.0,0,0,0,0,3.0
Lenovo,IDEAPAD CORE I3 10TH GEN,35990,33.0,4.0,0.0,0.0,64.0,11.0,256.0,0.0,14.0,2.0,0,0,0,0,3.0
Vaio,E SERIES RYZEN 5 QUAD CORE 3500U,41990,37.0,8.0,0.0,0.0,64.0,10.0,512.0,0.0,15.6,2.0,0,5,0,0,0.0
Lenovo,CORE I3 11TH GEN,38990,24.0,4.0,0.0,0.0,64.0,10.0,256.0,0.0,15.0,1.0,0,0,0,0,3.0
Asus,ROG STRIX G15,104990,22.0,0.0,16.0,0.0,0.0,11.0,512.0,0.0,15.6,1.0,0,0,7,0,0.0
Lenovo,INTEL CORE I5 11TH GEN,59190,42.0,16.0,0.0,0.0,0.0,11.0,512.0,0.0,15.6,2.0,0,0,0,0,5.0
Dell,G15 RYZEN 7 OCTA CORE 5800H,93900,17.0,0.0,0.0,0.0,0.0,other,0.0,0.0,15.0,1.0,0,0,0,0,0.0
Msi,GF63 THIN CORE I5 9TH GEN,57999,38.0,8.0,0.0,0.0,64.0,10.0,512.0,0.0,15.6,2.0,0,0,0,0,5.0
Acer,PREDATOR HELIOS 300 CORE I7 12TH GEN,155490,13.0,0.0,16.0,0.0,64.0,11.0,1024.0,0.0,15.6,1.0,0,0,0,0,7.0
Acer,ASPIRE 3 CORE I3 11TH GEN,38744,22.0,4.0,0.0,0.0,64.0,10.0,256.0,0.0,15.6,1.0,0,0,0,0,3.0
Asus,ZENBOOK PRO 14 DUO OLED,149990,23.0,0.0,16.0,0.0,64.0,11.0,1024.0,0.0,14.5,1.0,0,0,0,0,7.0
Infinix,X1 SLIM SERIES CORE I3 10TH GEN,38990,29.0,0.0,0.0,8.0,64.0,11.0,512.0,0.0,14.0,1.0,0,0,0,0,3.0
Asus,PROART STUDIOBOOK 16 OLED,249990,18.0,0.0,32.0,0.0,64.0,11.0,1024.0,0.0,16.0,1.0,0,0,0,0,9.0
Dell,VOSTRO CORE I3 11TH GEN,42654,21.0,8.0,0.0,0.0,64.0,11.0,256.0,0.0,14.96,1.0,0,0,0,0,3.0
Infinix,X1 SLIM SERIES CORE I3 10TH GEN,35990,28.0,0.0,0.0,8.0,64.0,11.0,256.0,0.0,14.0,1.0,0,0,0,0,3.0
Acer,ASPIRE 5 CORE I5 11TH GEN,45990,19.0,8.0,0.0,0.0,64.0,10.0,0.0,1024.0,14.0,1.0,0,0,0,0,5.0
Hp,VICTUS RYZEN 5 HEXA CORE 6600H,96579,23.65,0.0,8.0,0.0,64.0,11.0,512.0,0.0,16.1,1.0,0,0,0,5,0.0
Acer,CONCEPTD 5 CORE I5 8TH GEN,99500,17.0,8.0,0.0,0.0,64.0,10.0,512.0,0.0,15.6,1.0,0,0,0,0,5.0
Asus,,22990,25.0,4.0,0.0,0.0,64.0,11.0,128.0,0.0,11.6,1.0,0,0,0,0,
Lenovo,IDEAPAD GAMING RYZEN 7 OCTA CORE 5800H,90990,32.0,16.0,0.0,0.0,64.0,11.0,512.0,0.0,15.6,1.0,1,0,7,0,0.0
Asus,TUF GAMING A17 RYZEN 7 OCTA CORE 4800H,83990,22.0,8.0,0.0,0.0,64.0,11.0,1024.0,0.0,17.3,1.0,0,0,7,0,0.0
Asus,RYZEN 3 DUAL CORE,34490,30.0,8.0,0.0,0.0,0.0,11.0,256.0,0.0,15.6,1.0,0,0,0,0,0.0
Asus,ZENBOOK PRO 14 DUO OLED,179990,29.0,0.0,32.0,0.0,0.0,11.0,1024.0,0.0,14.5,1.0,0,0,0,0,9.0
Asus,CORE I5 10TH GEN,67461,16.0,8.0,0.0,0.0,0.0,11.0,1024.0,0.0,15.6,1.0,0,0,0,0,5.0
Asus,EXPERTBOOK P1 CORE I5 10TH GEN,61249,11.0,4.0,0.0,0.0,64.0,10.0,0.0,1024.0,14.0,1.0,0,0,0,0,5.0
Hp,PAVILION CORE I5 12TH GEN,73999,11.0,8.0,0.0,0.0,64.0,11.0,512.0,0.0,14.0,1.0,0,0,0,0,5.0
Dell,G15 CORE I5 10TH GEN,71990,58.0,0.0,0.0,0.0,0.0,other,0.0,0.0,15.0,1.0,0,0,0,0,0.0
Infinix,INBOOK X2 PLUS CORE I3 11TH GEN,40990,18.0,0.0,0.0,8.0,64.0,11.0,512.0,0.0,15.6,1.0,0,0,0,0,3.0
Asus,VIVOBOOK 16X RYZEN 5 HEXA CORE R5,54990,26.0,16.0,0.0,0.0,64.0,11.0,512.0,0.0,16.0,1.0,0,0,0,5,0.0
Lenovo,INTEL CORE I5 12TH GEN,72490,25.0,16.0,0.0,0.0,64.0,11.0,512.0,0.0,15.6,1.0,1,0,0,0,5.0
Hp,OMEN 15 RYZEN 7 OCTA CORE AMD R7,152000,17.0,16.0,0.0,0.0,64.0,10.0,1024.0,0.0,15.6,1.0,0,0,7,0,0.0
Asus,VIVOBOOK ULTRA K15 CORE I3 11TH GEN,42990,27.0,8.0,0.0,0.0,64.0,11.0,256.0,0.0,15.6,1.0,0,0,0,0,3.0
Hp,OMEN RYZEN 7 OCTA CORE AMD R7,99990,15.0,16.0,0.0,0.0,64.0,11.0,512.0,0.0,16.1,1.0,0,0,7,0,0.0
Hp,VICTUS CORE I7 11TH GEN,104890,16.0,16.0,0.0,0.0,64.0,11.0,512.0,0.0,16.1,1.0,0,0,0,0,7.0
Hp,INTEL CORE I5 10TH GEN,97500,29.0,16.0,0.0,0.0,64.0,10.0,512.0,0.0,15.6,1.0,0,0,0,0,5.0
Hp,14S INTEL PENTIUM QUAD CORE,30490,22.0,8.0,0.0,0.0,64.0,11.0,256.0,0.0,14.0,1.0,0,0,0,0,
Dell,INSPIRON CORE I3 11TH GEN,45990,23.65,4.0,0.0,0.0,64.0,10.0,512.0,0.0,15.6,1.0,0,0,0,0,3.0
Acer,ASPIRE 3 RYZEN 3 DUAL CORE R33250U,29990,30.0,4.0,0.0,0.0,64.0,11.0,512.0,0.0,15.6,1.0,0,0,0,0,0.0
Acer,SWIFT 3 RYZEN 5 HEXA CORE 5500U,59990,33.0,0.0,0.0,8.0,64.0,10.0,512.0,0.0,14.0,1.0,0,0,0,5,0.0
Acer,PREDATOR HELIOS 300 CORE I7 10TH GEN,150490,23.65,16.0,0.0,0.0,64.0,10.0,2048.0,0.0,15.6,1.0,0,0,0,0,7.0
Msi,GS66 CORE I7 11TH GEN,207290,12.0,0.0,0.0,0.0,0.0,other,0.0,0.0,15.0,1.0,0,0,0,0,0.0
Acer,NITRO 5 RYZEN 5 HEXA CORE AMD R5,59990,25.0,8.0,0.0,0.0,64.0,11.0,512.0,0.0,15.6,1.0,0,0,0,5,0.0
Dell,ALLIENWARE CORE I7 12TH GEN,1174131,23.65,0.0,32.0,0.0,64.0,11.0,1024.0,0.0,17.3,1.0,0,0,0,0,7.0
Lenovo,IDEAPAD 3 RYZEN 3 DUAL CORE 3250U,37990,13.0,8.0,0.0,0.0,64.0,10.0,256.0,0.0,15.6,1.0,0,0,0,0,0.0
Msi,BRAVO RYZEN 5 HEXA CORE 5600H,52990,36.0,8.0,0.0,0.0,64.0,10.0,512.0,0.0,15.6,1.0,0,0,0,5,0.0
Asus,VIVOBOOK GAMING,87390,12.0,8.0,0.0,0.0,64.0,10.0,256.0,1024.0,15.6,1.0,0,0,0,0,7.0
Hp,VICTUS RYZEN 7 OCTA CORE 6800H,111500,23.65,0.0,16.0,0.0,64.0,11.0,512.0,0.0,16.1,1.0,0,0,7,0,0.0
Asus,ZENBOOK PRO 14 DUO OLED,124990,26.0,0.0,16.0,0.0,0.0,11.0,512.0,0.0,14.5,1.0,0,0,0,0,5.0
Hp,ATHLON DUAL CORE 3050U,29990,23.0,8.0,0.0,0.0,64.0,11.0,512.0,0.0,15.6,1.0,0,0,0,0,0.0
Acer,INTEL EVO SWIFT 5 CORE I5 11TH GEN,79990,27.0,8.0,0.0,0.0,64.0,11.0,512.0,0.0,14.0,1.0,0,0,0,0,5.0
Asus,VIVOBOOK 14 CORE I3 11TH GEN,35990,30.0,8.0,0.0,0.0,64.0,11.0,256.0,0.0,14.0,1.0,0,0,0,0,3.0
Asus,EXPERTBOOK P1 CORE I5 10TH GEN,62490,11.0,8.0,0.0,0.0,64.0,10.0,0.0,1024.0,14.0,1.0,0,0,0,0,5.0
Asus,ROG FLOW X13,247990,16.0,0.0,16.0,0.0,64.0,11.0,1024.0,0.0,13.4,1.0,0,0,7,0,0.0
Hp,HP 250 G7 CORE I5 10TH GEN,54890,28.0,8.0,0.0,0.0,64.0,10.0,512.0,512.0,15.6,1.0,0,0,0,0,5.0
Lenovo,CORE I5 11TH GEN,58226,35.0,16.0,0.0,0.0,0.0,10.0,512.0,0.0,15.6,1.0,0,0,0,0,5.0
Asus,ZENBOOK 14X,114990,18.0,0.0,16.0,0.0,0.0,11.0,512.0,0.0,14.0,1.0,0,0,0,0,5.0
Hp,14S INTEL CELERON DUAL CORE,28990,21.0,8.0,0.0,0.0,64.0,11.0,256.0,0.0,14.0,1.0,0,0,0,0,
Asus,EXPERTBOOK B9 CORE I5 10TH GEN,109990,22.0,0.0,0.0,0.0,64.0,10.0,512.0,0.0,14.0,1.0,0,0,0,0,5.0
Asus,EXPERTBOOK B9 CORE I7 10TH GEN,154990,10.0,0.0,0.0,0.0,64.0,10.0,1024.0,0.0,14.0,1.0,0,0,0,0,7.0
Infinix,X1 SLIM SERIES CORE I5 10TH GEN,49990,23.0,0.0,0.0,16.0,64.0,11.0,512.0,0.0,14.0,1.0,0,0,0,0,5.0
Hp,RYZEN 3 QUAD CORE 5300U,40390,23.0,8.0,0.0,0.0,64.0,11.0,512.0,0.0,14.0,1.0,0,3,0,0,0.0
Asus,ROG ZEPHYRUS G14 RYZEN 7 OCTA CORE RYZEN 7,76990,34.0,8.0,0.0,0.0,64.0,10.0,1024.0,0.0,14.0,1.0,0,0,7,0,0.0
Apple,2022 MACBOOK AIR M2,139000,23.65,0.0,0.0,0.0,0.0,other,512.0,0.0,13.6,1.0,0,0,0,0,0.0
Acer,NITRO 5 RYZEN 5 HEXA CORE AMD R5,67990,26.0,8.0,0.0,0.0,64.0,11.0,512.0,0.0,15.6,1.0,0,0,0,5,0.0
Hp,RYZEN 3 QUAD CORE 5300U,40390,23.0,8.0,0.0,0.0,64.0,11.0,512.0,0.0,14.0,1.0,0,3,0,0,0.0
Dell,CORE I3 11TH GEN,42500,23.0,8.0,0.0,0.0,0.0,11.0,0.0,1024.0,15.6,1.0,0,0,0,0,3.0
Asus,ROG FLOW X13 RYZEN 7 OCTA CORE 6800HS,177900,16.0,0.0,32.0,0.0,64.0,11.0,1024.0,0.0,13.4,1.0,0,0,7,0,0.0
Asus,ZENBOOK DUO 14,89990,45.0,0.0,0.0,16.0,64.0,11.0,1024.0,0.0,14.0,1.0,0,0,0,0,7.0
Msi,PULSE GL66 CORE I7 11TH GEN,106490,14.0,0.0,0.0,0.0,0.0,other,0.0,0.0,15.0,1.0,0,0,0,0,0.0
Dell,G15 CORE I5 10TH GEN,76990,77.0,0.0,0.0,0.0,0.0,other,0.0,0.0,15.0,1.0,0,0,0,0,0.0
Infinix,X1 SLIM SERIES CORE I5 10TH GEN,49990,23.0,0.0,0.0,16.0,64.0,11.0,512.0,0.0,14.0,1.0,0,0,0,0,5.0
Hp,15S INTEL CORE I3 11TH GEN,40390,21.0,8.0,0.0,0.0,64.0,11.0,256.0,1024.0,15.6,1.0,0,0,0,0,3.0
Dell,ALLIENWARE CORE I7 12TH GEN,176490,20.0,0.0,16.0,0.0,64.0,11.0,512.0,0.0,14.0,1.0,0,0,0,0,7.0
Infinix,X1 SLIM SERIES CORE I5 10TH GEN,42990,28.0,0.0,0.0,8.0,64.0,11.0,512.0,0.0,14.0,1.0,0,0,0,0,5.0
Asus,TUF GAMING F15,122990,33.0,0.0,16.0,0.0,64.0,11.0,1024.0,0.0,15.6,1.0,0,0,0,0,7.0
Asus,ZENBOOK DUO 14,79990,43.0,0.0,0.0,16.0,64.0,11.0,512.0,0.0,14.0,1.0,0,0,0,0,5.0
Asus,ROG FLOW X13 RYZEN 7 OCTA CORE 6800HS,167990,16.0,0.0,32.0,0.0,64.0,11.0,1024.0,0.0,13.4,1.0,0,0,7,0,0.0
Asus,ROG FLOW X13,151990,19.0,0.0,16.0,0.0,0.0,11.0,1024.0,0.0,13.4,1.0,0,0,9,0,0.0
Dell,RYZEN 7 OCTA CORE 5800H,98990,20.0,16.0,0.0,0.0,64.0,11.0,512.0,0.0,15.6,1.0,0,0,7,0,0.0
Dell,INSPIRON CORE I5 11TH GEN,68490,18.0,8.0,0.0,0.0,64.0,11.0,256.0,1024.0,15.6,1.0,0,0,0,0,5.0
Dell,INSPIRON CORE I5 11TH GEN,73890,10.0,16.0,0.0,0.0,64.0,10.0,512.0,0.0,15.6,1.0,0,0,0,0,5.0
Hp,SPECTRE INTEL EVO CORE I7 12TH GEN,124999,14.0,0.0,0.0,16.0,64.0,11.0,512.0,0.0,13.5,1.0,0,0,0,0,7.0
Dell,INSPIRON 7000 CORE I5 10TH GEN,89619,16.0,8.0,0.0,0.0,64.0,10.0,512.0,0.0,14.0,1.0,0,0,0,0,5.0
Dell,ALLIENWARE CORE I7 12TH GEN,246490,23.0,0.0,16.0,0.0,64.0,11.0,1024.0,0.0,15.6,1.0,0,0,0,0,7.0
Hp,RYZEN 5 HEXA CORE,74990,14.0,8.0,0.0,0.0,0.0,11.0,512.0,0.0,15.6,1.0,0,0,0,5,0.0
Hp,HP PAVILION RYZEN 5 HEXA CORE AMD R5,62990,17.0,8.0,0.0,0.0,64.0,10.0,512.0,0.0,15.6,1.0,0,0,0,5,0.0
Dell,VOSTRO RYZEN 5 QUAD CORE 3500U,49490,19.0,8.0,0.0,0.0,64.0,10.0,512.0,0.0,14.0,1.0,0,5,0,0,0.0
Lenovo,IDEAPAD SLIM 3I,40200,19.0,4.0,0.0,0.0,64.0,10.0,256.0,0.0,15.6,1.0,0,0,0,0,3.0
Dell,CORE I5 11TH GEN,70990,20.0,8.0,0.0,0.0,0.0,10.0,512.0,0.0,15.6,1.0,0,0,0,0,5.0
Dell,CORE I5 11TH GEN,72990,22.0,16.0,0.0,0.0,0.0,11.0,512.0,0.0,15.6,1.0,0,0,0,0,5.0
Asus,ROG FLOW X13 RYZEN 7 OCTA CORE AMD R7,147990,16.0,0.0,16.0,0.0,64.0,11.0,1024.0,0.0,13.4,1.0,0,0,7,0,0.0
Asus,TUF GAMING A15 RYZEN 7 OCTA CORE 4800H,87907,11.0,16.0,0.0,0.0,64.0,11.0,512.0,0.0,15.6,1.0,0,0,7,0,0.0
Infinix,X1 SLIM SERIES CORE I5 10TH GEN,49990,23.0,0.0,0.0,16.0,64.0,11.0,512.0,0.0,14.0,1.0,0,0,0,0,5.0
Dell,INSPIRON CORE I3 10TH GEN,42990,12.0,8.0,0.0,0.0,64.0,10.0,0.0,1024.0,15.6,1.0,0,0,0,0,3.0
Asus,TUF GAMING A15,96990,35.0,0.0,16.0,0.0,0.0,11.0,1024.0,0.0,15.6,1.0,0,0,7,0,0.0
Dell,CORE I5 12TH GEN,76490,5.0,8.0,0.0,0.0,0.0,other,0.0,0.0,15.0,1.0,0,0,0,0,5.0
Lenovo,IDEAPAD GAMING 3 RYZEN 5 HEXA CORE AMD R5,71990,30.0,16.0,0.0,0.0,64.0,11.0,512.0,0.0,15.6,1.0,1,0,0,5,0.0
Asus,EXPERTBOOK P2 CORE I5 10TH GEN,69290,11.0,8.0,0.0,0.0,0.0,other,0.0,1024.0,14.0,1.0,0,0,0,0,5.0
Hp,14S RYZEN 3 QUAD CORE,44900,18.0,8.0,0.0,0.0,64.0,10.0,512.0,0.0,14.0,1.0,0,3,0,0,0.0
Asus,CORE I3 11TH GEN,35990,32.0,8.0,0.0,0.0,64.0,10.0,256.0,0.0,15.6,1.0,0,0,0,0,3.0
Dell,INSPIRON CORE I3 11TH GEN,43490,14.0,8.0,0.0,0.0,64.0,10.0,0.0,1024.0,15.6,1.0,0,0,0,0,3.0
Infinix,INBOOK X2 PLUS CORE I5 11TH GEN,47990,12.0,0.0,0.0,8.0,64.0,11.0,512.0,0.0,15.6,1.0,0,0,0,0,5.0
Acer,SWIFT 7 CORE I5 7TH GEN,86867,13.0,0.0,0.0,0.0,64.0,10.0,256.0,0.0,13.3,1.0,0,0,0,0,5.0
Msi,CORE I7 12TH GEN,129490,17.0,16.0,0.0,0.0,64.0,11.0,1024.0,0.0,15.6,2.0,0,0,0,0,7.0
Dell,VOSTRO CORE I5 11TH GEN,54990,20.0,8.0,0.0,0.0,0.0,other,0.0,0.0,15.0,1.0,0,0,0,0,5.0
Infinix,INBOOK X2 PLUS CORE I5 11TH GEN,47990,12.0,0.0,0.0,8.0,64.0,11.0,512.0,0.0,15.6,1.0,0,0,0,0,5.0
Msi,CORE I7 11TH GEN,74990,21.0,8.0,0.0,0.0,64.0,10.0,512.0,0.0,15.6,2.0,0,0,0,0,7.0
Dell,ALLIENWARE CORE I7 12TH GEN,168990,23.0,0.0,16.0,0.0,64.0,11.0,512.0,0.0,15.6,1.0,0,0,0,0,7.0
Dell,VOSTRO CORE I3 11TH GEN,44348,3.0,4.0,0.0,0.0,64.0,10.0,256.0,1024.0,14.0,1.0,0,0,0,0,3.0
Asus,VIVOBOOK ULTRA 14,44990,21.0,8.0,0.0,0.0,64.0,10.0,512.0,0.0,14.0,1.0,0,0,0,0,3.0
Dell,INSPIRON CORE I3 10TH GEN,40990,25.0,8.0,0.0,0.0,64.0,11.0,256.0,0.0,15.0,1.0,0,0,0,0,3.0
Dell,RYZEN 5 HEXA CORE AMD R5,81990,21.0,0.0,8.0,0.0,64.0,11.0,512.0,0.0,15.6,1.0,0,0,0,5,0.0
Acer,PREDATOR HELIOS 300 CORE I7 10TH GEN,119990,14.0,16.0,0.0,0.0,64.0,10.0,256.0,1024.0,15.6,1.0,0,0,0,0,7.0
Dell,VOSTRO CORE I5 12TH GEN,89694,23.65,8.0,0.0,0.0,64.0,11.0,512.0,0.0,16.0,1.0,0,0,0,0,5.0
Hp,14S RYZEN 5 HEXA CORE 5500U,52490,26.0,8.0,0.0,0.0,64.0,10.0,512.0,0.0,14.0,1.0,0,0,0,5,0.0
Asus,VIVOBOOK K15 OLED,60990,29.0,16.0,0.0,0.0,64.0,10.0,256.0,1024.0,15.6,1.0,0,0,0,0,5.0
Hp,VICTUS RYZEN 7 OCTA CORE 5800H,104990,25.0,16.0,0.0,0.0,64.0,11.0,1024.0,0.0,16.1,1.0,0,0,7,0,0.0
Acer,PREDATOR HELIOS 300 CORE I7 11TH GEN,134990,10.0,16.0,0.0,0.0,64.0,10.0,1024.0,0.0,15.6,1.0,0,0,0,0,7.0
Hp,CORE I5 11TH GEN,84419,23.65,8.0,0.0,0.0,0.0,11.0,512.0,0.0,16.1,1.0,0,0,0,0,5.0
Redmibook,15 CORE I3 11TH GEN,37999,32.0,8.0,0.0,0.0,0.0,10.0,512.0,0.0,15.6,1.0,0,0,0,0,3.0
Dell,INSPIRON RYZEN 5 HEXA CORE 5625U,51490,20.0,8.0,0.0,0.0,0.0,other,0.0,0.0,15.0,1.0,0,0,0,0,0.0
Acer,CORE I7 6TH GEN,116640,23.65,0.0,0.0,0.0,0.0,other,128.0,0.0,15.0,1.0,0,0,0,0,0.0
Hp,PAVILION RYZEN 5 HEXA CORE 5500U,62690,15.0,16.0,0.0,0.0,64.0,11.0,512.0,0.0,15.6,1.0,0,0,0,5,0.0
Lenovo,IDEAPAD GAMING 3 CORE I5 10TH GEN,62990,26.0,8.0,0.0,0.0,64.0,10.0,512.0,0.0,15.6,1.0,1,0,0,0,5.0
Asus,VIVOBOOK 14 CORE I3 10TH GEN,30490,25.0,4.0,0.0,0.0,64.0,10.0,0.0,1024.0,14.1,1.0,0,0,0,0,3.0
Dell,G15 CORE I5 12TH GEN,84990,23.0,0.0,16.0,0.0,64.0,11.0,512.0,0.0,15.6,1.0,0,0,0,0,5.0
Lenovo,IDEAPAD 3 CELERON DUAL CORE 4TH GEN,25990,35.0,4.0,0.0,0.0,64.0,10.0,256.0,0.0,14.0,1.0,0,0,0,0,
Lenovo,ATHLON DUAL CORE 3050U,20990,40.0,4.0,0.0,0.0,0.0,10.0,256.0,0.0,14.0,1.0,0,0,0,0,0.0
Dell,CORE I7 12TH GEN,112104,86.0,0.0,16.0,0.0,64.0,11.0,512.0,0.0,13.3,1.0,0,0,0,0,7.0
Lenovo,IDEAPAD GAMING 3 CORE I5 12TH GEN,84990,23.0,16.0,0.0,0.0,0.0,11.0,512.0,0.0,15.6,1.0,0,0,0,0,5.0
Asus,VIVOBOOK PRO 16X OLED,130500,19.0,16.0,0.0,0.0,64.0,11.0,1024.0,0.0,16.0,1.0,0,0,9,0,0.0
Acer,SWIFT 5 CORE I7 11TH GEN INTEL EVO,96938,22.0,0.0,0.0,0.0,0.0,other,0.0,0.0,15.0,1.0,0,0,0,0,7.0
Hp,VICTUS RYZEN 5 HEXA CORE 5600H,75370,14.0,8.0,0.0,0.0,64.0,11.0,512.0,0.0,15.6,1.0,0,0,0,5,0.0
Asus,ROG ZEPHYRUS S15 CORE I7 10TH GEN,234990,27.0,32.0,0.0,0.0,64.0,10.0,1024.0,0.0,15.6,1.0,0,0,0,0,7.0
Hp,OMEN CORE I5 7TH GEN,102551,23.65,0.0,0.0,0.0,0.0,other,0.0,0.0,15.0,1.0,0,0,0,0,0.0
Dell,INSPIRON CORE I5 11TH GEN,79490,6.0,16.0,0.0,0.0,64.0,10.0,512.0,0.0,14.0,1.0,0,0,0,0,5.0
Acer,ASPIRE 3 PENTIUM SILVER,28490,22.0,8.0,0.0,0.0,64.0,11.0,256.0,0.0,14.0,1.0,0,0,0,0,
Asus,ROG ZEPHYRUS M16,174990,23.0,0.0,16.0,0.0,0.0,11.0,512.0,0.0,16.0,1.0,0,0,0,0,7.0
Asus,CORE I7 12TH GEN,85541,31.0,0.0,16.0,0.0,0.0,11.0,512.0,0.0,15.6,1.0,0,0,0,0,7.0
Asus,VIVOBOOK FLIP CORE I5 12TH GEN,76990,22.0,16.0,0.0,0.0,64.0,11.0,512.0,0.0,14.0,1.0,0,0,0,0,5.0
Asus,ROG FLOW X13 RYZEN 7 OCTA CORE 6800HS,114990,26.0,0.0,16.0,0.0,64.0,11.0,1024.0,0.0,13.4,1.0,0,0,7,0,0.0
Lenovo,CORE I3 10TH GEN,39200,91.0,4.0,0.0,0.0,64.0,10.0,0.0,1024.0,15.6,1.0,0,0,0,0,3.0
Hp,OMEN CORE I7 12TH GEN,189577,23.65,0.0,16.0,0.0,64.0,11.0,1024.0,0.0,16.1,1.0,0,0,0,0,7.0
Samsung,GALAXY BOOK2 CORE I5 12TH GEN,72990,17.0,0.0,0.0,16.0,64.0,11.0,512.0,0.0,15.6,1.0,0,0,0,0,5.0
Acer,ASPIRE 3 RYZEN 3 DUAL CORE 3250U,34490,23.0,8.0,0.0,0.0,64.0,11.0,512.0,0.0,15.6,1.0,0,0,0,0,0.0
Dell,INSPIRON PENTIUM QUAD CORE,35500,17.0,4.0,0.0,0.0,64.0,11.0,256.0,0.0,15.6,1.0,0,0,0,0,
Asus,ROG FLOW X13 WITH RTX 3080 EGPU RYZEN 9 OCTA CORE AMD R9,239990,31.0,0.0,0.0,32.0,64.0,10.0,1024.0,0.0,13.4,1.0,0,0,9,0,0.0
Gigabyte,G5 KE,103890,23.65,16.0,0.0,0.0,64.0,11.0,512.0,0.0,15.6,2.0,0,0,0,0,5.0
Asus,ZENBOOK PRO 15 CORE I9 8TH GEN,209690,23.65,0.0,0.0,0.0,0.0,other,0.0,0.0,15.0,1.0,0,0,0,0,0.0
Msi,PRESTIGE 14 INTEL EVO CORE I5 11TH GEN,74990,21.0,0.0,0.0,16.0,64.0,10.0,512.0,0.0,14.0,1.0,0,0,0,0,5.0
Hp,OMEN CORE I7 12TH GEN,189900,23.65,0.0,16.0,0.0,64.0,11.0,1024.0,0.0,16.1,1.0,0,0,0,0,7.0
Asus,ROG FLOW X13 WITH RTX 3080 EGPU RYZEN 9 OCTA CORE 5980HS,234990,33.0,0.0,0.0,32.0,64.0,10.0,1024.0,0.0,13.4,1.0,0,0,9,0,0.0
Asus,ZENBOOK FLIP 13 OLED TOUCH PANEL INTEL EVO CORE I5 11TH GEN,79990,27.0,0.0,0.0,8.0,64.0,11.0,512.0,0.0,13.3,1.0,0,0,0,0,5.0
Asus,ZENBOOK S 13 OLED RYZEN 5 HEXA CORE 6600U,99990,18.0,0.0,16.0,0.0,0.0,11.0,512.0,0.0,13.3,1.0,0,0,0,5,0.0
Lenovo,INTEL CORE I5 11TH GEN,65990,17.0,8.0,0.0,0.0,64.0,11.0,256.0,1024.0,15.6,1.0,1,0,0,0,5.0
Lenovo,ATHLON DUAL CORE 3050U,18990,36.0,4.0,0.0,0.0,0.0,other,256.0,0.0,14.0,1.0,0,0,0,0,0.0
Dell,RYZEN 5 QUAD CORE,52990,20.0,8.0,0.0,0.0,0.0,10.0,256.0,1024.0,15.6,1.0,0,5,0,0,0.0
Hp,VICTUS RYZEN 5 HEXA CORE 5600H,61490,13.0,8.0,0.0,0.0,64.0,10.0,512.0,0.0,16.1,1.0,0,0,0,5,0.0
Acer,SWIFT X CORE I7 11TH GEN,114990,14.0,0.0,0.0,16.0,0.0,11.0,1024.0,0.0,16.1,1.0,0,0,0,0,7.0
Lenovo,CORE I3 10TH GEN,37890,22.0,4.0,0.0,0.0,0.0,10.0,256.0,0.0,15.6,1.0,0,0,0,0,3.0
Hp,RYZEN 7 OCTA CORE 6800H,148990,23.65,0.0,16.0,0.0,64.0,11.0,1024.0,0.0,16.1,1.0,0,0,7,0,0.0
Acer,SWIFT X CORE I5 11TH GEN,94990,13.0,0.0,0.0,16.0,64.0,11.0,512.0,0.0,16.1,1.0,0,0,0,0,5.0
Lenovo,YOGA SLIM 7 CORE I5 11TH GEN,84990,27.0,16.0,0.0,0.0,64.0,10.0,512.0,0.0,14.0,3.0,0,0,0,0,5.0
Dell,G15 CORE I7 11TH GEN,104990,98.0,0.0,0.0,0.0,0.0,other,0.0,0.0,15.0,1.0,0,0,0,0,0.0
Hp,RYZEN 3 DUAL CORE 3250U,37990,17.0,8.0,0.0,0.0,64.0,11.0,512.0,0.0,15.6,1.0,0,0,0,0,0.0
Msi,PRESTIGE 14 CORE I7 10TH GEN,104990,15.0,16.0,0.0,0.0,64.0,10.0,512.0,0.0,14.0,1.0,0,0,0,0,7.0
Acer,SWIFT 5 CORE I5 8TH GEN,69351,21.0,0.0,0.0,0.0,64.0,10.0,512.0,0.0,14.0,1.0,0,0,0,0,5.0
Asus,RYZEN 9 OCTA CORE 6900HX,210990,22.0,0.0,16.0,0.0,64.0,11.0,1024.0,0.0,17.3,1.0,0,0,9,0,0.0
Infinix,INBOOK X2 PLUS CORE I3 11TH GEN,40990,18.0,0.0,0.0,8.0,64.0,11.0,512.0,0.0,15.6,1.0,0,0,0,0,3.0
Gigabyte,G5 KD CORE I5 11TH GEN,89990,40.0,16.0,0.0,0.0,64.0,11.0,512.0,0.0,15.6,2.0,0,0,0,0,5.0
Dell,INSPIRON RYZEN 7 OCTA CORE 5825U,77966,16.0,16.0,0.0,0.0,64.0,11.0,512.0,0.0,16.0,1.0,0,0,7,0,0.0
Dell,INSPIRON 3511 CORE I3 11TH GEN,46490,22.0,8.0,0.0,0.0,64.0,10.0,256.0,1024.0,15.6,1.0,0,0,0,0,3.0
Hp,RYZEN 7 OCTA CORE 6800H,108689,10.0,0.0,16.0,0.0,64.0,11.0,512.0,0.0,16.1,1.0,0,0,7,0,0.0
Asus,CHROMEBOOK CELERON DUAL CORE,25990,13.0,4.0,0.0,0.0,0.0,other,0.0,0.0,15.0,1.0,0,0,0,0,
Samsung,CORE I5 12TH GEN,67990,23.65,8.0,0.0,0.0,0.0,11.0,512.0,0.0,15.6,1.0,0,0,0,0,5.0
Acer,PREDATOR HELIOS 300 CORE I9 11TH GEN,139990,17.0,16.0,0.0,0.0,64.0,11.0,1024.0,0.0,15.6,1.0,0,0,0,0,9.0
Dell,RYZEN 7 OCTA CORE AMD R7,124990,23.0,0.0,16.0,0.0,64.0,11.0,512.0,0.0,15.6,1.0,0,0,7,0,0.0
Asus,CORE I7 11TH GEN,59490,26.0,16.0,0.0,0.0,0.0,11.0,512.0,0.0,15.6,1.0,0,0,0,0,7.0
Infinix,X1 SLIM SERIES CORE I3 10TH GEN,35990,28.0,0.0,0.0,8.0,64.0,11.0,256.0,0.0,14.0,1.0,0,0,0,0,3.0
Lenovo,IDEAPAD GAMING 3 RYZEN 5 HEXA CORE 4600H,64490,24.0,8.0,0.0,0.0,64.0,10.0,256.0,1024.0,15.6,1.0,0,0,0,5,0.0
Asus,ZENBOOK S CORE I7 8TH GEN,99990,18.0,0.0,0.0,0.0,64.0,10.0,512.0,0.0,13.3,1.0,0,0,0,0,7.0
Hp,VICTUS CORE I7 12TH GEN,88570,12.0,8.0,0.0,0.0,64.0,11.0,512.0,0.0,15.6,1.0,0,0,0,0,7.0
Mi,NOTEBOOK HORIZON EDITION 14 CORE I7 10TH GEN,59990,99.0,8.0,0.0,0.0,64.0,10.0,512.0,0.0,14.0,1.0,0,0,0,0,7.0
Hp,VICTUS RYZEN 7 OCTA CORE 5800H,104091,23.65,16.0,0.0,0.0,64.0,11.0,512.0,0.0,16.1,1.0,0,0,7,0,0.0
Lenovo,IDEAPAD SLIM 5 RYZEN 7 OCTA CORE 4700U,60490,23.65,8.0,0.0,0.0,64.0,10.0,512.0,0.0,14.0,1.0,1,0,7,0,0.0
Infinix,INBOOK X1 CORE I3 10TH GEN,37999,24.0,0.0,0.0,8.0,64.0,11.0,256.0,0.0,14.0,1.0,0,0,0,0,3.0
Msi,MODERN 14 CORE I5 10TH GEN,42990,30.0,8.0,0.0,0.0,64.0,10.0,512.0,0.0,14.0,1.0,0,0,0,0,5.0
Dell,G7 CORE I9 10TH GEN,206490,9.0,0.0,0.0,0.0,0.0,other,0.0,0.0,15.0,1.0,0,0,0,0,0.0
Dell,RYZEN 5 HEXA CORE,67490,20.0,16.0,0.0,0.0,0.0,11.0,512.0,0.0,16.0,1.0,0,0,0,5,0.0
Lenovo,LEGION 5 RYZEN 7 OCTA CORE 5800H,117900,35.0,16.0,0.0,0.0,64.0,11.0,512.0,0.0,15.6,1.0,0,0,7,0,0.0
Infinix,X1 SLIM SERIES CORE I5 10TH GEN,46990,27.0,0.0,0.0,16.0,64.0,11.0,512.0,0.0,14.0,1.0,0,0,0,0,5.0
Lenovo,THINKBOOK 13S CORE I5 11TH GEN,73990,34.0,8.0,0.0,0.0,64.0,10.0,512.0,0.0,13.0,1.0,0,0,0,0,5.0
Asus,ROG FLOW Z13,191990,20.0,0.0,16.0,0.0,64.0,11.0,1024.0,0.0,13.4,1.0,0,0,0,0,9.0
Asus,ZENBOOK 13 CORE I5 8TH GEN,73490,19.0,0.0,0.0,0.0,64.0,10.0,512.0,0.0,13.3,1.0,0,0,0,0,5.0
Hp,CELERON DUAL CORE,25999,29.0,8.0,0.0,0.0,64.0,11.0,256.0,0.0,14.0,1.0,0,0,0,0,
Hp,15S INTEL CORE I3 11TH GEN,42490,11.0,8.0,0.0,0.0,64.0,11.0,512.0,0.0,15.6,1.0,0,0,0,0,3.0
Asus,ROG FLOW X16,171990,25.0,0.0,16.0,0.0,0.0,11.0,1024.0,0.0,16.0,1.0,0,0,7,0,0.0
Asus,CORE I3 12TH GEN,40990,29.0,8.0,0.0,0.0,64.0,11.0,512.0,0.0,14.0,1.0,0,0,0,0,3.0
Asus,ZENBOOK 14 FLIP RYZEN 5 HEXA CORE 5600H,91990,18.0,0.0,0.0,16.0,64.0,11.0,512.0,0.0,14.0,1.0,0,0,0,5,0.0
Hp,15S INTEL CORE I5 11TH GEN,54450,22.0,8.0,0.0,0.0,64.0,11.0,512.0,0.0,15.6,1.0,0,0,0,0,5.0
Asus,VIVOBOOK 15 RYZEN 3 DUAL CORE AMD R3,26990,37.0,4.0,0.0,0.0,64.0,10.0,256.0,0.0,15.6,1.0,0,0,0,0,0.0
Dell,INSPIRON RYZEN 7 OCTA CORE 5700U,89890,11.0,16.0,0.0,0.0,64.0,10.0,512.0,0.0,14.0,1.0,0,0,7,0,0.0
Asus,CORE I7 12TH GEN,104990,18.0,0.0,16.0,0.0,0.0,11.0,512.0,0.0,14.0,1.0,0,0,0,0,7.0
Asus,VIVOBOOK FLIP 14 CORE I5 11TH GEN,69990,15.0,0.0,0.0,8.0,0.0,11.0,512.0,0.0,14.0,1.0,0,0,0,0,5.0
Dell,INSPIRON RYZEN 5 QUAD CORE 3450U,41990,15.0,8.0,0.0,0.0,64.0,10.0,256.0,0.0,15.6,1.0,0,5,0,0,0.0
Dell,VOSTRO RYZEN 3 QUAD CORE 5425U,50852,23.65,8.0,0.0,0.0,64.0,11.0,256.0,0.0,14.0,1.0,0,3,0,0,0.0
Asus,TUF DASH F15 CORE I7 12TH GEN,149990,20.0,0.0,16.0,0.0,64.0,11.0,1024.0,0.0,15.6,1.0,0,0,0,0,7.0
Asus,ZENBOOK 14,75990,16.0,0.0,0.0,8.0,0.0,10.0,512.0,0.0,14.0,1.0,0,0,0,0,5.0
Asus,TUF GAMING A15 RYZEN 5 HEXA CORE 4600H,65990,13.0,8.0,0.0,0.0,64.0,11.0,1024.0,0.0,15.6,1.0,0,0,0,5,0.0
Asus,VIVOBOOK 15 RYZEN 3 DUAL CORE AMD RYZENâ„¢ 3 3250U,34990,25.0,8.0,0.0,0.0,64.0,11.0,512.0,0.0,15.6,1.0,0,0,0,0,0.0
Asus,ASUS TUF DASH SERIES CORE I5 11TH GEN,88990,31.0,16.0,0.0,0.0,64.0,10.0,512.0,0.0,15.6,1.0,0,0,0,0,5.0
Asus,RYZEN 5 DUAL CORE 5TH GEN,61990,19.0,8.0,0.0,0.0,0.0,11.0,512.0,0.0,15.6,1.0,0,0,0,0,0.0
Dell,CORE I3 12TH GEN,64490,20.0,0.0,8.0,0.0,0.0,11.0,512.0,0.0,14.0,1.0,0,0,0,0,3.0
Lenovo,IDEAPAD 720S CORE I7 8TH GEN,86000,23.65,8.0,0.0,0.0,64.0,10.0,512.0,0.0,13.3,1.0,0,0,0,0,7.0
Samsung,CORE I7 12TH GEN,72990,3.0,16.0,0.0,0.0,0.0,11.0,512.0,0.0,15.6,1.0,0,0,0,0,7.0
Acer,SPIN 7 CORE I7 7TH GEN,119990,3.0,0.0,0.0,0.0,0.0,other,0.0,0.0,15.0,1.0,0,0,0,0,0.0
Infinix,INBOOK X2 PLUS CORE I3 11TH GEN,37990,15.0,0.0,0.0,8.0,64.0,11.0,256.0,0.0,15.6,1.0,0,0,0,0,3.0
Acer,ASPIRE 5 CORE I5 11TH GEN,47090,14.0,0.0,0.0,0.0,0.0,other,0.0,0.0,15.0,1.0,0,0,0,0,0.0
Hp,PAVILION RYZEN 5 HEXA CORE 5625U,61990,15.0,16.0,0.0,0.0,64.0,11.0,512.0,0.0,15.6,1.0,0,0,0,5,0.0
Msi,GF63 THIN CORE I5 11TH GEN,62990,25.0,8.0,0.0,0.0,64.0,10.0,512.0,0.0,15.6,2.0,0,0,0,0,5.0
Asus,,30490,17.0,4.0,0.0,0.0,64.0,11.0,128.0,0.0,11.6,1.0,0,0,0,0,
Asus,VIVOBOOK 15 CORE I5 12TH GEN,57359,19.0,8.0,0.0,0.0,64.0,11.0,512.0,0.0,15.6,1.0,0,0,0,0,5.0
Hp,RYZEN 3 DUAL CORE 3250U,38999,17.0,8.0,0.0,0.0,64.0,11.0,256.0,0.0,15.6,1.0,0,0,0,0,0.0
Lenovo,IDEAPAD 720S CORE I5 8TH GEN,74990,10.0,8.0,0.0,0.0,64.0,10.0,512.0,0.0,13.3,1.0,0,0,0,0,5.0
Dell,INSPIRON CORE I5 12TH GEN,91958,23.65,16.0,0.0,0.0,0.0,11.0,512.0,0.0,14.0,1.0,0,0,0,0,5.0
Acer,NITRO 5 CORE I5 11TH GEN,63999,35.0,8.0,0.0,0.0,64.0,11.0,512.0,0.0,15.6,1.0,0,0,0,0,5.0
Asus,RYZEN 7 OCTA CORE 5800U,79990,34.0,0.0,0.0,16.0,64.0,10.0,1024.0,0.0,13.3,1.0,0,0,7,0,0.0
Hp,15S INTEL CORE I5 12TH GEN,61000,10.0,8.0,0.0,0.0,64.0,11.0,512.0,0.0,15.6,1.0,0,0,0,0,5.0
Hp,SPECTRE X360 CORE I5 8TH GEN,136590,39.0,8.0,0.0,0.0,64.0,10.0,256.0,0.0,13.3,1.0,0,0,0,0,5.0
Dell,ALLIENWARE CORE I7 12TH GEN,209990,20.0,0.0,32.0,0.0,64.0,11.0,1024.0,0.0,14.0,1.0,0,0,0,0,7.0
Hp,PAVILION X360 CORE I3 12TH GEN,59990,88.0,8.0,0.0,0.0,0.0,11.0,512.0,0.0,14.0,1.0,0,0,0,0,3.0
Lenovo,IDEAPAD GAMING 3I CORE I5 10TH GEN,75090,31.0,8.0,0.0,0.0,64.0,10.0,256.0,1024.0,15.6,1.0,0,0,0,0,5.0
Asus,PRO P5 CORE I5 8TH GEN,81990,23.65,8.0,0.0,0.0,64.0,10.0,0.0,1024.0,14.0,1.0,0,0,0,0,5.0
Dell,RYZEN 5 QUAD CORE 3450U,36990,35.0,8.0,0.0,0.0,64.0,11.0,256.0,0.0,14.0,1.0,0,5,0,0,0.0
Asus,TUF GAMING F17 CORE I5 10TH GEN,73990,7.0,8.0,0.0,0.0,64.0,10.0,512.0,0.0,17.3,1.0,0,0,0,0,5.0
Lenovo,IDEAPAD 1 CELERON DUAL CORE,25490,26.0,4.0,0.0,0.0,64.0,11.0,256.0,0.0,11.6,1.0,0,0,0,0,
Dell,INSPRION 3511 CORE I3 11TH GEN,41990,20.0,8.0,0.0,0.0,0.0,10.0,0.0,1024.0,15.6,1.0,0,0,0,0,3.0
Asus,CORE I3 12TH GEN,40990,29.0,8.0,0.0,0.0,64.0,11.0,512.0,0.0,14.0,1.0,0,0,0,0,3.0
Lg,GRAM CORE I5 12TH GEN,92642,27.0,0.0,8.0,0.0,64.0,11.0,512.0,0.0,14.0,3.0,0,0,0,0,5.0
Asus,ROG ZEPHYRUS G15,164990,20.0,0.0,16.0,0.0,64.0,11.0,1024.0,0.0,15.6,1.0,0,0,9,0,0.0
Hp,SPECTRE X360 CORE I7 10TH GEN,162990,15.0,16.0,0.0,0.0,64.0,10.0,512.0,0.0,13.3,1.0,0,0,0,0,7.0
Dell,INSPIRON CORE I5 11TH GEN,71990,3.0,8.0,0.0,0.0,64.0,10.0,512.0,0.0,14.0,1.0,0,0,0,0,5.0
Msi,GF63 THIN CORE I5 10TH GEN,53990,26.0,8.0,0.0,0.0,64.0,10.0,0.0,1024.0,15.6,2.0,0,0,0,0,5.0
Msi,WF65 CORE I7 10TH GEN,159990,11.0,16.0,0.0,0.0,64.0,10.0,256.0,1024.0,15.6,3.0,0,0,0,0,7.0
Lenovo,INTEL CORE I7 12TH GEN,149990,29.0,0.0,8.0,0.0,0.0,11.0,1024.0,0.0,16.0,3.0,0,0,0,0,7.0
Asus,ZENBOOK S 13 OLED RYZEN 7 OCTA CORE 6800U,130999,10.0,0.0,16.0,0.0,0.0,11.0,1024.0,0.0,13.3,1.0,0,0,7,0,0.0
Hp,VICTUS CORE I5 12TH GEN,68200,17.0,8.0,0.0,0.0,64.0,11.0,512.0,0.0,15.6,1.0,0,0,0,0,5.0
Hp,RYZEN 3 QUAD CORE 5TH GEN,40490,15.0,8.0,0.0,0.0,0.0,11.0,256.0,0.0,15.6,1.0,0,3,0,0,0.0
Lenovo,IDEAPAD GAMING 3 RYZEN 5 HEXA CORE 5600H,73990,29.0,8.0,0.0,0.0,64.0,10.0,512.0,0.0,15.6,1.0,0,0,0,5,0.0
Infinix,INBOOK X2 PLUS CORE I3 11TH GEN,34990,22.0,0.0,0.0,8.0,64.0,11.0,256.0,0.0,15.6,1.0,0,0,0,0,3.0
Hp,VICTUS RYZEN 7 OCTA CORE 5800H,121677,23.65,16.0,0.0,0.0,64.0,11.0,512.0,0.0,16.1,1.0,0,0,7,0,0.0
Hp,CORE I3 11TH GEN,41990,16.0,8.0,0.0,0.0,0.0,11.0,512.0,0.0,15.6,1.0,0,0,0,0,3.0
Infinix,INBOOK X2 PLUS CORE I7 11TH GEN,57990,27.0,0.0,0.0,16.0,64.0,11.0,512.0,0.0,15.6,1.0,0,0,0,0,7.0
Asus,VIVOBOOK 11 CELERON DUAL CORE,24990,13.0,4.0,0.0,0.0,64.0,11.0,0.0,0.0,15.0,1.0,0,0,0,0,
Hp,15,59890,14.0,8.0,0.0,0.0,64.0,10.0,512.0,0.0,15.6,1.0,0,0,0,5,0.0
Asus,ZENBOOK 14X,116990,29.0,0.0,16.0,0.0,0.0,11.0,1024.0,0.0,14.0,1.0,0,0,0,0,7.0
Dell,CORE I5 12TH GEN,110888,23.65,8.0,0.0,0.0,64.0,11.0,512.0,0.0,16.0,1.0,0,0,0,0,5.0
Dell,CORE I5 11TH GEN,61890,17.0,8.0,0.0,0.0,0.0,11.0,256.0,1024.0,15.6,1.0,0,0,0,0,5.0
Realme,BOOK,46990,14.0,8.0,0.0,0.0,64.0,10.0,256.0,0.0,14.0,1.0,0,0,0,0,3.0
Lenovo,IDEAPAD 3 CB CELERON DUAL CORE,23990,31.0,4.0,0.0,0.0,0.0,other,0.0,0.0,15.0,1.0,0,0,0,0,
Dell,XPS 13 CORE I7 8TH GEN,122475,11.0,0.0,0.0,0.0,64.0,10.0,512.0,0.0,13.3,1.0,0,0,0,0,7.0
Dell,G15 CORE I7 12TH GEN,137490,27.0,0.0,16.0,0.0,64.0,11.0,1024.0,0.0,15.6,1.0,0,0,0,0,7.0
Dell,INSPIRON CORE I5 11TH GEN,72890,24.0,16.0,0.0,0.0,64.0,11.0,512.0,0.0,15.6,1.0,0,0,0,0,5.0
Msi,SUMMIT E15 CORE I7 11TH GEN,154990,1.0,16.0,0.0,0.0,64.0,10.0,1024.0,0.0,15.6,2.0,0,0,0,0,7.0
Msi,GP76 CORE I7 11TH GEN,179990,10.0,0.0,0.0,0.0,0.0,other,0.0,0.0,15.0,1.0,0,0,0,0,0.0
Acer,ASPIRE 5 GAMING CORE I5 12TH GEN,61799,22.0,8.0,0.0,0.0,64.0,11.0,512.0,0.0,15.6,1.0,0,0,0,0,5.0
Hp,PAVILION GAMING CORE I5 11TH GEN,68690,21.0,8.0,0.0,0.0,64.0,10.0,256.0,1024.0,15.6,1.0,0,0,0,0,5.0
Hp,RYZEN 7 OCTA CORE 6800H,122560,23.65,0.0,16.0,0.0,0.0,11.0,512.0,0.0,16.2,1.0,0,0,7,0,0.0
Asus,CHROMEBOOK FLIP TOUCH CELERON DUAL CORE,25990,16.0,4.0,0.0,0.0,0.0,other,0.0,0.0,15.0,1.0,0,0,0,0,
Hp,14S RYZEN 5 QUAD CORE 3500U 3RD GEN,49290,87.0,8.0,0.0,0.0,64.0,10.0,256.0,1024.0,14.0,1.0,0,5,0,0,0.0
Infinix,X1 SERIES CORE I7 10TH GEN,57999,17.0,0.0,0.0,16.0,64.0,11.0,512.0,0.0,14.0,1.0,0,0,0,0,7.0
Asus,RYZEN 5 HEXA CORE,69092,8.0,8.0,0.0,0.0,64.0,10.0,256.0,1024.0,15.6,1.0,0,0,0,5,0.0
Msi,GS CORE I7 8TH GEN,149990,11.0,0.0,0.0,0.0,0.0,other,0.0,0.0,15.0,1.0,0,0,0,0,0.0
Hp,15S CORE I5 11TH GEN,64490,2.0,8.0,0.0,0.0,64.0,10.0,512.0,0.0,15.6,1.0,0,0,0,0,5.0
Lenovo,LEGION Y540 CORE I5 9TH GEN,64390,25.0,8.0,0.0,0.0,64.0,10.0,256.0,1024.0,15.6,1.0,0,0,0,0,5.0
Asus,CHROMEBOOK FLIP TOUCH CELERON DUAL CORE,22990,23.0,4.0,0.0,0.0,0.0,other,0.0,0.0,15.0,1.0,0,0,0,0,
Lenovo,IDEAPAD 520 CORE I5 8TH GEN,64821,18.0,8.0,0.0,0.0,64.0,10.0,0.0,2048.0,15.6,1.0,0,0,0,0,5.0
Lenovo,LEGION 5 PRO CORE I7 11TH GEN,157990,29.0,16.0,0.0,0.0,64.0,11.0,1024.0,0.0,16.0,3.0,1,0,0,0,7.0
Lenovo,INTEL CORE I5 11TH GEN,68990,30.0,16.0,0.0,0.0,0.0,11.0,512.0,0.0,15.6,1.0,1,0,0,0,5.0
Dell,G15 CORE I7 11TH GEN,103990,21.0,16.0,0.0,0.0,64.0,11.0,512.0,0.0,15.6,1.0,0,0,0,0,7.0
Asus,TUF GAMING F15 CORE I5 10TH GEN,59990,29.0,8.0,0.0,0.0,64.0,11.0,1024.0,0.0,15.6,1.0,0,0,0,0,5.0
Hp,OMEN CORE I7 11TH GEN,195210,23.65,16.0,0.0,0.0,64.0,10.0,1024.0,0.0,16.1,1.0,0,0,0,0,7.0
Lg,GRAM CORE I5 12TH GEN,106002,23.65,0.0,8.0,0.0,64.0,11.0,512.0,0.0,17.0,3.0,0,0,0,0,5.0
Msi,MODERN 14 CORE I7 11TH GEN,80590,10.0,8.0,0.0,0.0,64.0,10.0,512.0,0.0,14.0,1.0,0,0,0,0,7.0
Dell,INSPIRON RYZEN 5 HEXA CORE 5625U,53990,21.0,8.0,0.0,0.0,64.0,11.0,512.0,0.0,15.6,1.0,0,0,0,5,0.0
Dell,RYZEN 3 DUAL CORE 3RD GEN,43490,18.0,8.0,0.0,0.0,0.0,10.0,256.0,0.0,15.6,1.0,0,0,0,0,0.0
Hp,PAVILION RYZEN 5 HEXA CORE 5500U,64700,13.0,16.0,0.0,0.0,64.0,10.0,512.0,0.0,14.0,1.0,0,0,0,5,0.0
Msi,CROSSHAIR 15 CORE I7 12TH GEN,114990,26.0,16.0,0.0,0.0,64.0,11.0,1024.0,0.0,15.6,2.0,0,0,0,0,7.0
Hp,SPECTRE FOLIO CORE I7 10TH GEN,239759,23.65,0.0,0.0,0.0,64.0,10.0,512.0,0.0,13.3,1.0,0,0,0,0,7.0
Asus,CORE I3 11TH GEN,35989,31.0,8.0,0.0,0.0,0.0,11.0,256.0,0.0,15.6,1.0,0,0,0,0,3.0
Acer,SWIFT 3 OLED CORE I7 12TH GEN,115999,23.65,0.0,16.0,0.0,0.0,11.0,1024.0,0.0,14.0,1.0,0,0,0,0,7.0
Lenovo,IDEAPAD 5 PRO CORE I5 11TH GEN,69000,39.0,16.0,0.0,0.0,0.0,10.0,512.0,0.0,14.0,3.0,0,0,0,0,5.0
Lenovo,INTEL CORE I5 11TH GEN,72990,31.0,0.0,0.0,16.0,64.0,11.0,512.0,0.0,14.0,3.0,0,0,0,0,5.0
Asus,ROG ZEPHYRUS M16 CORE I7 11TH GEN,152990,30.0,16.0,0.0,0.0,0.0,10.0,1024.0,0.0,16.0,1.0,0,0,0,0,7.0
Dell,CORE I5 11TH GEN,81490,17.0,16.0,0.0,0.0,64.0,10.0,512.0,0.0,14.0,1.0,0,0,0,0,5.0
Acer,ASPIRE 3 CORE I3 11TH GEN,37000,26.0,4.0,0.0,0.0,64.0,11.0,256.0,0.0,15.6,1.0,0,0,0,0,3.0
Acer,CHROMEBOOK CELERON DUAL CORE,23989,11.0,4.0,0.0,0.0,0.0,other,0.0,0.0,15.0,1.0,0,0,0,0,
Asus,EEEBOOK 12 CELERON DUAL CORE,21990,21.0,4.0,0.0,0.0,64.0,11.0,0.0,0.0,15.0,1.0,0,0,0,0,
Samsung,CORE I5 12TH GEN,70990,23.65,16.0,0.0,0.0,0.0,11.0,512.0,0.0,15.6,1.0,0,0,0,0,5.0
Msi,KATANA GF66 CORE I5 11TH GEN,73990,30.0,16.0,0.0,0.0,64.0,10.0,512.0,0.0,15.6,2.0,0,0,0,0,5.0
Asus,ROG FLOW X16,261990,16.0,0.0,32.0,0.0,64.0,11.0,1024.0,0.0,16.0,1.0,0,0,9,0,0.0
Acer,ASPIRE 3 PENTIUM QUAD CORE,37990,23.65,4.0,0.0,0.0,0.0,11.0,256.0,0.0,14.0,1.0,0,0,0,0,
Hp,PAVILION CORE I5 11TH GEN,62180,29.0,8.0,0.0,0.0,64.0,11.0,512.0,0.0,15.6,1.0,0,0,0,0,5.0
Dell,CORE I5 11TH GEN,60790,25.0,8.0,0.0,0.0,64.0,10.0,512.0,0.0,15.6,1.0,0,0,0,0,5.0
Hp,HP ENVY RYZEN 7 OCTA CORE 4700U,84690,24.0,16.0,0.0,0.0,64.0,11.0,1024.0,0.0,13.3,1.0,0,0,7,0,0.0
Asus,TUF GAMING A15 RYZEN 7 OCTA CORE 4800H,70500,24.0,8.0,0.0,0.0,64.0,11.0,512.0,0.0,15.6,1.0,0,0,7,0,0.0
Asus,EXPERTBOOK B9 CORE I5 10TH GEN,132790,23.0,0.0,0.0,0.0,64.0,10.0,512.0,0.0,14.0,3.0,0,0,0,0,5.0
Asus,PENTIUM QUAD CORE,28960,29.0,8.0,0.0,0.0,0.0,11.0,256.0,0.0,14.0,1.0,0,0,0,0,
Dell,INSPIRON RYZEN 5 HEXA CORE 5625U,59999,20.0,8.0,0.0,0.0,64.0,11.0,512.0,0.0,14.0,1.0,0,0,0,5,0.0
Dell,CORE I5 5TH GEN,68990,23.65,0.0,0.0,0.0,0.0,other,0.0,0.0,15.0,1.0,0,0,0,0,0.0
Asus,TUF GAMING F15 CORE I5 10TH GEN,59990,26.0,8.0,0.0,0.0,64.0,10.0,512.0,0.0,15.6,1.0,0,0,0,0,5.0
Hp,RYZEN 7 OCTA CORE,85990,21.0,16.0,0.0,0.0,0.0,11.0,512.0,0.0,15.6,1.0,0,0,7,0,0.0
Dell,CORE I7 11TH GEN,99900,15.0,16.0,0.0,0.0,64.0,11.0,512.0,0.0,14.0,1.0,0,0,0,0,7.0
Dell,VOSTRO RYZEN 5 HEXA CORE 5625U,60990,23.0,16.0,0.0,0.0,64.0,11.0,512.0,0.0,14.0,1.0,0,0,0,5,0.0
Lenovo,B50,52490,23.65,0.0,0.0,0.0,64.0,8.0,0.0,1024.0,15.6,1.0,0,0,0,0,5.0
Acer,P2 SERIES CORE I5 10TH GEN,47990,19.0,8.0,0.0,0.0,64.0,10.0,0.0,1024.0,14.0,1.0,0,0,0,0,5.0
Lenovo,IDEAPAD FLEX 3 CHROMEBOOK CELERON DUAL CORE,28490,29.0,0.0,0.0,4.0,64.0,other,0.0,0.0,15.0,1.0,0,0,0,0,
Asus,ASUS TUF GAMING A15 RYZEN 7 OCTA CORE 6800HS,115990,34.0,16.0,0.0,0.0,0.0,11.0,1024.0,0.0,15.6,1.0,0,0,7,0,0.0
Infinix,X1 SLIM SERIES CORE I7 10TH GEN,54990,21.0,0.0,0.0,16.0,64.0,11.0,512.0,0.0,14.0,1.0,0,0,0,0,7.0
Asus,EXPERTBOOK B9 INTEL EVO CORE I7 10TH GEN,165990,18.0,0.0,0.0,0.0,64.0,10.0,1024.0,0.0,14.0,3.0,0,0,0,0,7.0
Dell,CORE I5 11TH GEN,52890,13.0,8.0,0.0,0.0,0.0,11.0,512.0,0.0,15.6,1.0,0,0,0,0,5.0
Dell,VOSTRO CORE I3 10TH GEN,43490,28.0,8.0,0.0,0.0,64.0,11.0,512.0,0.0,14.0,1.0,0,0,0,0,3.0
Lenovo,IDEAPAD GAMING RYZEN 5 HEXA CORE 4600H,66490,20.0,8.0,0.0,0.0,64.0,10.0,512.0,0.0,15.6,1.0,0,0,0,5,0.0
Lenovo,IDEAPAD RYZEN 5 HEXA CORE 5500U,57990,25.0,8.0,0.0,0.0,64.0,10.0,512.0,0.0,15.6,1.0,1,0,0,5,0.0
Hp,15S RYZEN 3 QUAD CORE 5300U,40700,23.0,8.0,0.0,0.0,64.0,10.0,512.0,0.0,15.6,1.0,0,3,0,0,0.0
Lenovo,IDEAPAD 330S CORE I5 8TH GEN,56990,48.0,4.0,0.0,0.0,64.0,10.0,0.0,1024.0,15.6,1.0,0,0,0,0,5.0
Dell,INSPIRON CORE I3 11TH GEN,57500,17.0,8.0,0.0,0.0,0.0,other,0.0,0.0,15.0,1.0,0,0,0,0,3.0
Asus,ROG ZEPHYRUS G15 RYZEN 9 OCTA CORE 6900HS,189990,23.0,0.0,16.0,0.0,64.0,11.0,1024.0,0.0,15.6,1.0,0,0,9,0,0.0
Apple,2022 MACBOOK AIR M2,139000,23.65,0.0,0.0,0.0,0.0,other,512.0,0.0,13.6,1.0,0,0,0,0,0.0
Lenovo,IDEAPAD 3 CORE I3 11TH GEN,47500,6.0,8.0,0.0,0.0,0.0,11.0,256.0,0.0,15.0,2.0,0,0,0,0,3.0
Hp,ENVY CORE I5 10TH GEN,81990,20.0,8.0,0.0,0.0,64.0,10.0,512.0,0.0,13.3,1.0,0,0,0,0,5.0
Lenovo,THINKPAD CORE I5 10TH GEN,155411,23.65,16.0,0.0,0.0,64.0,10.0,512.0,512.0,14.0,3.0,0,0,0,0,5.0
Dell,VOSTRO RYZEN 5 HEXA CORE 5625U,76473,23.65,8.0,0.0,0.0,64.0,11.0,512.0,0.0,16.0,1.0,0,0,0,5,0.0
Acer,NITRO 5 SPIN CORE I5 8TH GEN,79258,10.0,0.0,0.0,0.0,0.0,other,0.0,0.0,15.0,1.0,0,0,0,0,0.0
Lenovo,CORE I7 9TH GEN,230400,15.0,16.0,0.0,0.0,64.0,10.0,1024.0,0.0,15.6,3.0,0,0,0,0,7.0
Asus,TUF DASH F15 CORE I5 11TH GEN,90488,30.0,16.0,0.0,0.0,0.0,11.0,512.0,0.0,15.6,1.0,0,0,0,0,5.0
Lenovo,CORE I7 10TH GEN,138550,33.0,16.0,0.0,0.0,0.0,10.0,512.0,0.0,12.0,1.0,0,0,0,0,7.0
Acer,SWIFT 5 CORE I5 8TH GEN,81998,23.65,0.0,0.0,0.0,64.0,10.0,256.0,0.0,14.0,1.0,0,0,0,0,5.0
Asus,CELERON DUAL CORE 10TH GEN,24540,28.0,4.0,0.0,0.0,0.0,11.0,256.0,0.0,14.0,1.0,0,0,0,0,
Asus,CELERON DUAL CORE 10TH GEN,24540,36.0,4.0,0.0,0.0,0.0,11.0,256.0,0.0,14.0,1.0,0,0,0,0,
Lenovo,CORE I7 11TH GEN,105990,33.0,16.0,0.0,0.0,64.0,11.0,512.0,0.0,15.6,1.0,0,0,0,0,7.0
Acer,SWIFT EDGE OLED RYZEN 7 OCTA CORE 6800U,138999,23.65,0.0,16.0,0.0,0.0,11.0,1024.0,0.0,16.0,1.0,0,0,7,0,0.0
Asus,TUF GAMING A17 RYZEN 7 OCTA CORE 4800H,72990,23.0,8.0,0.0,0.0,64.0,11.0,512.0,0.0,17.3,1.0,0,0,7,0,0.0
Hp,CORE I3 11TH GEN,43500,16.0,8.0,0.0,0.0,64.0,11.0,512.0,0.0,15.6,1.0,0,0,0,0,3.0
Asus,ROG FLOW X16,211990,16.0,0.0,16.0,0.0,0.0,11.0,1024.0,0.0,16.0,1.0,0,0,9,0,0.0
Asus,CORE I5 12TH GEN,57359,19.0,8.0,0.0,0.0,0.0,11.0,512.0,0.0,15.6,1.0,0,0,0,0,5.0
Lenovo,CORE I7 10TH GEN,174250,18.0,0.0,0.0,0.0,64.0,10.0,512.0,0.0,14.0,3.0,0,0,0,0,7.0
Asus,CORE I5 12TH GEN,92990,19.0,0.0,16.0,0.0,0.0,11.0,512.0,0.0,15.6,1.0,0,0,0,0,5.0
Hp,CORE I5 12TH GEN,74070,10.0,16.0,0.0,0.0,64.0,11.0,512.0,0.0,15.6,1.0,0,0,0,0,5.0
Dell,GAMING G5 SERIES CORE I5 10TH GEN,70890,28.0,8.0,0.0,0.0,64.0,10.0,512.0,0.0,15.6,1.0,0,0,0,0,5.0
Avita,LIBER CORE I5 10TH GEN,38476,27.0,8.0,0.0,0.0,64.0,10.0,256.0,0.0,14.0,1.0,0,0,0,0,5.0
Acer,ASPIRE 7 CORE I5 9TH GEN,57090,32.0,8.0,0.0,0.0,64.0,10.0,512.0,0.0,15.6,1.0,0,0,0,0,5.0
Lenovo,THINKPAD CORE I7 10TH GEN,174527,23.65,16.0,0.0,0.0,64.0,10.0,512.0,0.0,13.3,3.0,0,0,0,0,7.0
Dell,INSPIRON 15 7000 SERIES CORE I7 8TH GEN,82790,18.0,8.0,0.0,0.0,64.0,10.0,128.0,1024.0,15.6,1.0,0,0,0,0,7.0
Hp,CORE I3 11TH GEN,39999,13.0,8.0,0.0,0.0,64.0,11.0,512.0,0.0,15.6,1.0,0,0,0,0,3.0
Hp,CHROMEBOOK X360 INTEL CELERON QUAD CORE,32295,23.65,4.0,0.0,0.0,64.0,other,0.0,0.0,15.0,1.0,0,0,0,0,
Asus,PRO P5 CORE I5 8TH GEN,85990,3.0,8.0,0.0,0.0,64.0,10.0,512.0,0.0,14.0,1.0,0,0,0,0,5.0
Acer,ASPIRE 3 RYZEN 3 DUAL CORE R33250U,34130,31.0,4.0,0.0,0.0,64.0,10.0,0.0,1024.0,15.6,1.0,0,0,0,0,0.0
Asus,VIVOBOOK 14 CORE I5 8TH GEN,54990,11.0,8.0,0.0,0.0,64.0,10.0,512.0,0.0,14.0,1.0,0,0,0,0,5.0
Dell,RYZEN 7 OCTA CORE AMD R7,107990,27.0,16.0,0.0,0.0,64.0,11.0,512.0,0.0,15.6,1.0,0,0,7,0,0.0
Dell,RYZEN 7 OCTA CORE 5700U,89976,23.65,16.0,0.0,0.0,0.0,11.0,512.0,0.0,14.0,1.0,0,0,7,0,0.0
Asus,EXPERTBOOK P2 CORE I7 10TH GEN,93990,23.65,8.0,0.0,0.0,64.0,10.0,0.0,1024.0,14.0,3.0,0,0,0,0,7.0
Lenovo,THINKBOOK 13S CORE I5 11TH GEN,67990,44.0,8.0,0.0,0.0,64.0,10.0,1024.0,0.0,13.3,1.0,0,0,0,0,5.0
Hp,CORE I7 12TH GEN,144480,13.0,0.0,16.0,0.0,64.0,11.0,1024.0,0.0,16.1,1.0,0,0,0,0,7.0
Asus,VIVOBOOK S14 CORE I7 8TH GEN,67990,31.0,8.0,0.0,0.0,64.0,10.0,256.0,1024.0,14.0,1.0,0,0,0,0,7.0
Hp,RYZEN 5 HEXA CORE 5500U,51490,15.0,8.0,0.0,0.0,64.0,10.0,512.0,0.0,15.6,1.0,0,0,0,5,0.0
Hp,CORE I3 11TH GEN,53413,23.65,8.0,0.0,0.0,0.0,11.0,512.0,0.0,14.0,1.0,0,0,0,0,3.0
Avita,LIBER CORE I5 10TH GEN,36990,30.0,8.0,0.0,0.0,64.0,10.0,256.0,0.0,14.0,1.0,0,0,0,0,5.0
Hp,INTEL CORE I5 10TH GEN,126000,17.0,8.0,0.0,0.0,64.0,10.0,512.0,0.0,13.3,1.0,0,0,0,0,5.0
Dell,INSPIRON CORE I5 12TH GEN,114382,23.65,16.0,0.0,0.0,64.0,11.0,512.0,0.0,16.0,1.0,0,0,0,0,5.0
Hp,CORE I3 11TH GEN,42000,5.0,8.0,0.0,0.0,0.0,11.0,512.0,0.0,15.6,1.0,0,0,0,0,3.0
Dell,CORE I5 11TH GEN,115785,22.0,0.0,0.0,16.0,64.0,11.0,512.0,0.0,13.4,1.0,0,0,0,0,5.0
Asus,VIVOBOOK 15,39990,27.0,8.0,0.0,0.0,64.0,11.0,256.0,1024.0,15.6,1.0,0,0,0,0,3.0
Hp,RYZEN 3 DUAL CORE,36600,13.0,8.0,0.0,0.0,0.0,11.0,0.0,256.0,15.6,1.0,0,0,0,0,0.0
Lenovo,ATHLON DUAL CORE,18990,52.0,4.0,0.0,0.0,0.0,other,256.0,0.0,14.0,1.0,0,0,0,0,0.0
Lenovo,IDEAPAD 3 CORE I3 10TH GEN,35990,37.0,8.0,0.0,0.0,0.0,11.0,256.0,0.0,15.6,2.0,0,0,0,0,3.0
Msi,GF63 THIN CORE I7 9TH GEN,66990,36.0,8.0,0.0,0.0,64.0,10.0,512.0,0.0,15.6,2.0,0,0,0,0,7.0
Hp,PAVILION INTEL CORE I5 11TH GEN,66890,22.0,8.0,0.0,0.0,64.0,11.0,512.0,0.0,15.6,1.0,0,0,0,0,5.0
Dell,INSPIRON RYZEN 5 HEXA CORE 5500U,69900,24.0,8.0,0.0,0.0,64.0,10.0,512.0,0.0,14.0,1.0,0,0,0,5,0.0
Asus,CHROMEBOOK CELERON DUAL CORE,19490,15.0,4.0,0.0,0.0,64.0,other,0.0,0.0,15.0,1.0,0,0,0,0,
Lenovo,IDEAPAD S340 CORE I3 10TH GEN,42490,27.0,8.0,0.0,0.0,64.0,10.0,256.0,0.0,14.0,1.0,0,0,0,0,3.0
Hp,LAPTOP RYZEN 3 QUAD CORE 5300U,40960,18.0,8.0,0.0,0.0,0.0,11.0,512.0,0.0,15.6,1.0,0,3,0,0,0.0
Dell,CORE I5 12TH GEN,76090,24.0,16.0,0.0,0.0,64.0,11.0,512.0,0.0,15.6,1.0,0,0,0,0,5.0
Asus,CORE I5 12TH GEN,82500,38.0,0.0,16.0,0.0,0.0,11.0,512.0,0.0,15.6,1.0,0,0,0,0,5.0
Dell,CORE I5 12TH GEN,143036,23.65,0.0,16.0,0.0,0.0,11.0,512.0,0.0,13.4,1.0,0,0,0,0,5.0
Dell,INSPIRON CORE I3 11TH GEN,46490,20.0,8.0,0.0,0.0,64.0,11.0,256.0,1024.0,15.6,1.0,0,0,0,0,3.0
Asus,VIVOBOOK CORE I3 11TH GEN,34990,22.0,4.0,0.0,0.0,64.0,10.0,256.0,0.0,14.0,1.0,0,0,0,0,3.0
Ultimus,S152 CELERON DUAL CORE,23990,20.0,4.0,0.0,0.0,0.0,11.0,256.0,0.0,15.6,1.0,0,0,0,0,
Hp,CORE I3 10TH GEN,39643,23.65,4.0,0.0,0.0,0.0,10.0,0.0,1024.0,15.6,1.0,0,0,0,0,3.0
Asus,FX553 CORE I7 7TH GEN,74990,23.65,0.0,0.0,0.0,0.0,other,0.0,0.0,15.0,1.0,0,0,0,0,0.0
Lenovo,INTEL CELERON DUAL CORE,28490,28.0,4.0,0.0,0.0,64.0,other,0.0,0.0,15.0,1.0,0,0,0,0,
Dell,INSPIRON CORE I5 11TH GEN,68990,22.0,8.0,0.0,0.0,64.0,11.0,512.0,0.0,14.0,1.0,0,0,0,0,5.0
Lenovo,IDEAPAD GAMING 3 RYZEN 5 HEXA CORE 4600H,56990,25.0,8.0,0.0,0.0,64.0,10.0,0.0,1024.0,15.6,1.0,0,0,0,5,0.0
Asus,EXPERTBOOK P1 CORE I3 10TH GEN,32990,17.0,4.0,0.0,0.0,0.0,other,0.0,1024.0,14.0,1.0,0,0,0,0,3.0
Dell,CORE I5 11TH GEN,67989,23.0,16.0,0.0,0.0,64.0,10.0,512.0,0.0,14.0,1.0,0,0,0,0,5.0
Dell,INSPIRON ATHLON DUAL CORE 3050U,31750,31.0,8.0,0.0,0.0,0.0,other,0.0,0.0,15.0,1.0,0,0,0,0,0.0
Asus,RYZEN 7 QUAD CORE 11TH GEN,152500,19.0,0.0,16.0,0.0,0.0,11.0,1024.0,0.0,17.3,1.0,0,7,0,0,0.0
Hp,VICTUS RYZEN 5 HEXA CORE 5600H,68400,10.0,8.0,0.0,0.0,64.0,11.0,512.0,0.0,16.1,1.0,0,0,0,5,0.0
Lenovo,CORE I3 11TH GEN,34499,33.0,8.0,0.0,0.0,0.0,other,512.0,0.0,15.6,1.0,0,0,0,0,3.0
Dell,CORE I3 11TH GEN,61202,23.65,8.0,0.0,0.0,0.0,11.0,512.0,0.0,15.6,1.0,0,0,0,0,3.0
Asus,PRO P5 CORE I7 8TH GEN,98912,23.65,8.0,0.0,0.0,64.0,10.0,256.0,1024.0,14.0,1.0,0,0,0,0,7.0
Acer,PREDATOR HELIOS 300 CORE I9 12TH GEN,159990,15.0,0.0,16.0,0.0,64.0,11.0,1024.0,0.0,15.6,1.0,0,0,0,0,9.0
Lenovo,RYZEN 3 DUAL CORE 3RD GEN,35398,35.0,8.0,0.0,0.0,0.0,11.0,512.0,0.0,15.6,1.0,0,0,0,0,0.0
Hp,ENVY 13 RYZEN 5 QUAD CORE 3500U,87900,4.0,8.0,0.0,0.0,64.0,10.0,512.0,0.0,13.3,1.0,0,5,0,0,0.0
Lenovo,INTEL CORE I7 12TH GEN,119990,22.0,0.0,16.0,0.0,0.0,11.0,512.0,0.0,14.0,3.0,1,0,0,0,7.0
Dell,CORE I5 11TH GEN,68990,28.0,16.0,0.0,0.0,0.0,other,0.0,0.0,15.0,1.0,0,0,0,0,0.0
Dell,INSPIRON PENTIUM QUAD CORE,35990,10.0,8.0,0.0,0.0,64.0,11.0,256.0,0.0,15.6,1.0,0,0,0,0,
Asus,VIVOBOOK X515EA CORE I3 11TH GEN,36990,28.0,8.0,0.0,0.0,64.0,10.0,256.0,0.0,15.6,1.0,0,0,0,0,3.0
Hp,PAVILION INTEL CORE I7 11TH GEN,89999,12.0,16.0,0.0,0.0,64.0,11.0,512.0,0.0,14.0,1.0,0,0,0,0,7.0
